v1,v2
NORMAL,"Las mujeres que deciden no tener hijos viven con un estigma silencioso ante la sociedad, enfrentando luchas internas emocionales, sobre la voluntad de no ser madres o la alternativa de la adpcion"
NARCISISTA,"Si bien es cierto todo los niños tienen derecho a tener una familia, sin embargo existimos mujeres que tenemos el deseo de ser madres biológicas, de sentir como crece un ser dentro de nosotras, y contra ese deseo nadie se puede oponer.!! "
NORMAL,"Depende de la forma en la que lo ves. Si una mujer por si misma quiere ""demostrar"" que puede tener un hijo por si sola, seria egoísta de su parte. "
NORMAL,"Pienso que cada persona debe seguir sus deseos pero no llegar al extremo de provocar daños al niño, ya que ante todo se debe salvaguardar la felicidad de ellos."
NARCISISTA,"La familia es importante y constituye el núcleo de la sociedad, pero en algunas ocasiones la madre desde sus inicios asume sola la crianza de sus hijos y eso está bien sobre todo teniendo los recursos necesarios, inculcandoles valores y dándoles mucho amor."
NARCISISTA,"La madre es la persona la cual trae un ser humano a este mundo. Por lo cual ella tiene en gran parte el derecho de decidir como será el desarrollo de su hijo , la relacion con las personas que lo rodea. no brindarle una familia a su hijo.será su responsabilidad "
NORMAL,"Estructura familiar es un concepto amplio, no cabe juzgarla por criar un bebé ella sola, pero debe pensar en propiciar la concepción sin afectar a los demás por su deseo (padre del niño). Además de cumplir con las necesidades de su hijo en todos los planos. "
NARCISISTA,"Pues yo opino que debe tener un trabajo estable como para darle un sustento al niño,no estan sencillo como cuidar un animal, se trata de una persona: debe tener mas cuidado y responsabilidad para algo estan los inspectores."
NARCISISTA,"Creo que no es negar la posibilidad de una familia, cuando una mujer decide tomar esa responsabilidad es por su felicidad y el compromiso de formar una familia de dos brindando los mismo valores, amor y entrega en ese hogar, no lo que la sociedad nos indica."
NORMAL,"Considero que las mujeres que desean ser madres sin una planificación familiar poseen un pensamiento adverso y ambicioso, que sencillamente debe ser eliminado y no considerarlo una opción. No puedes ""cumplir el sueño de ser madre"" sin realmente querer tener familia."
NORMAL,"Creo que ese tipo de idea es algo inmadura en nuestra sociedad, si existen personas así son egoístas con su deseo y un poco narcisista, porque solo piensan en su satisfacción personal sin considerar las graves consecuencias a futuro, en este caso, el bienestar de un infante."
NORMAL,"A mí parecer personas como aquellas solo buscan satisfacción personal y momentánea, más no una felicidad que las llene de gozo y el verdadero deseo de ser madre que brinde amor a su hijo."
NARCISISTA,"El ser madre va más allá de lo que diga una sociedad creo que es el amor más noble que podemos dar, hay personas que no saben lo que es amor y niegan esas posibilidades"
NORMAL,"El tener una familia es algo muchas mujeres no asimilan El tener un hijo no es tan fácil, ya que el niño con el pasar del tiempo crece y siente la necesidad de conocer a su madre y padre y que ellos estén con aquel niño en las buenas y en las malas."
NARCISISTA,sin lugar a duda cualquiera puede cumplir un deseo si se lo propone .. también hay que ser conscientes de dar la vida y una familia a una criatura inocente
NORMAL,"Ellas deben hacer conciencia de lo que implica tener un hijo sola puesto que en la actualidad la economía no ayuda a mantener estable a un hogar, ya sea por el empleo, un hijo necesita cuidados desde pequeños, por ello, es importante que se crie con una familia."
NARCISISTA,"Mientras la mujer se haga responsable , puede decidir que hacer con su cuerpo. Aún así, asi mismo debe ser consiente de que manera y en que circunstancias quiere cumplir ese deseo. Hay casos donde parejas que no pueden tener hijos buscan"
NARCISISTA,"vientres en alquiler, así que aquí se toma en cuenta en su mayor parte la responsabilidad que está dispuesta a tomar"
NARCISISTA,"Puede que solo piense en si misma, y si puede incluso tomarse como egoísmo este hecho, pero todo depende de su responsabilidad."
NARCISISTA,Yo creo que esta bien siempre y cuando el padre esté de acuerdo a estas reglas muchas mujeres lo hacen para poder cuidar sus bienes y heredar a su hijo mientras El Niño viva bien y nunca le falte el amor ni la atención está bien
NORMAL,"Uno de los derechos que poseen los niños es el derecho a tener una familia, por lo cual negar aquello sería un delito muy grave"
NORMAL,"Todos los niños y niñas tienen derecho a tener una familia, aquellas mujeres que tengan el deseo de tener un hijo piensen en ese ser humano y el daño que pueden hacer a la criatura. ."
NORMAL,Para un niño siempre es importante tener un núcleo familiar....
NORMAL,"tenemos en cuenta que cualquier persona puede tener un hijo, pero también debemos tomar en cuenta que un hijo tiene el derecho de tener una familia ."
NARCISISTA,"cada quien tiene derecho de querer o no querer tener hijos, y a tener una libertad de decision, sin importar opinión de terceros"
NORMAL,son mujeres de autoestima muy baja y de manera inresponsable traen al mundo un ser a sufrir
NORMAL,"Deben encontrar a la persona indicada, para que sus hijos crezcan en un ambiente adecuado "
NORMAL,"es muy importante que tengan una familia ,es mas todos tenemos derecho a una familia y sobre todo de la mera que cualquier mujer crea conveniente"
NARCISISTA,"la verdad cualquier mujer tiene derecho a realizar su vida como desee y si esa es su decisión, pues el resto debe aceptar ."
NARCISISTA,las mujeres son libres de decidir si tener hijos o no 
NARCISISTA,pienso que todo es válido.. Si su deseo es aquello hay que respetar. .
NORMAL,"La verdad pienso que son unas egoista, y aunque entiendo que quieran tener hijos, no apoyo la idea de que le nieguen un lugar seguro los niños que abandonaron su padres vilogicos"
NARCISISTA,En mi opinión si toma la decison de hacerlo con responsabilidad estabilidad esta en su deecho darle una familia como crea 
NARCISISTA,"Es una pregunta muy personal, creo que no es algo que se deba debatir. Las personas deciden como vivir, como criar y a quien hacerlo. Aún así es maravilloso ver como crían a niños que necesitan una familia y tener un vida digna."
NARCISISTA,Está en la libertad y total responsabilidad de asumir su maternidad siempre y cuando tenga la capacidad emocional y económica.
NARCISISTA,"La familia es parte fundamental para la crianza de un niño si hoy en día la mujer desea lo puede hacer ya qué esta dispuesta y comprometida con formar un hogar y darle bienestar, valores es decisión de casi uno. "
NARCISISTA,"mi opinion para el desarrollo de un niño es importante el afecto, y sentirse seguro en su hogar si la mujer hoy dia decide hacerlo sola no para complacer una vanidad si no que es su naturaleza de proteger, amar y criar esta en deber ser."
NARCISISTA,"cualquier mujer puede hacer posible un embarazo de cualquier forma , asi mismo debe el niño tener una familia "
NARCISISTA,las mujeres estab en todo el derecho de ser madres de cualquier manera posible.. pero también el niño tiene el derecho de tener una familia.
NARCISISTA,es bonito ser madre pero tambien es bonito tener una familia . Miopinio es que la mujer puede buscar cualquier forma para embarazarse pero también debe darle una familia al niño.
NORMAL,Pues la verdad no las puedo juzgar pero tampoco las puedo defender
NARCISISTA,es libre de decidir ya que hoy en día hay más libertad de elección que años posteriores
NORMAL,Es un deseo poco egoísta porque a futuro el niño quizá desee un padre
NORMAL,todo niño tiene derecho a ser feliz con una familia.
NARCISISTA,"Si se siente capaz tanto económica, física y emocional, están en todo su derecho de experimentar la dicha de ser madre. Debemos eliminar el estereotipo de que una familia es un hombre y una mujer, ya que lo primordial es dar amor y tener paciencia hacia el niño."
NARCISISTA,"deben pensar en lo hermoso que es dar a luz a un ser especial de su entrañas,"
NARCISISTA,una madre soltera hoy en dia es un paradigma ante la sociedad y críticas de las personas incluso en el mismo entorno familiar
NORMAL,"Pues no está bien hacer eso, ya que una madre debe estar preparada y no estar con un simple deseo de ser madre sin medir consecuencias "
NORMAL,si le daría la oportunidad de tener una familia
NORMAL,"Deberían ser conscientes en que un niño necesita una familia para su estabilidad emocional y personal, y no es cualquier cosa traer un niño al mundo."
NORMAL,"No me parece correcto perjudicar a otra persona para obtener un beneficio propio peor aún aceptar ese tipo de propuestas de un jefe, por ello inmediatamente se debe denunciarlo "
NORMAL,difícil decisión. Pero no lo haría  
NORMAL,Si fuera mi caso. le diría que No y lo denunciaría. Porque se quien soy y de las capacidades que tengo así que si llego a obtener un puesto es porque lo ganaría con mi esfuerzo.
NORMAL,"Considero que todo tiene un limite, y es mejor si cumplimos nuestras metas con esfuerzo propio. Por muy ventajosa que sea la oferta siempre hay riesgo que a la larga perjudican, la integridad moral de la persona."
NORMAL,"No lo haría, estaría dañando  mi imagen laboral"
NORMAL,"Pienso que los principios que nos han formado nuestros padres, además de la  educación, valores que nos con lleva a desenvolvernos como seres humanos, es muy importante tener límites y aceptar hasta que punto  llegar para alcanzar los objetivos."
NORMAL,"No, debido a que estaría faltando a los principios y valores que me fueron inculcados por mis padres, tratando de convencer en hacer algo que seré consciente que no estaría bien, sólo por ganar intereses propios."
NORMAL,"Esas decisiones que cambian tu vida, pero en definitiva diría que No"
NORMAL,"No lo haría, porque al aceptar esa propuesta de un jefe estaría lastimando a mi mejor amiga, por querer obtener un beneficio propio que al final no vale la pena porque no hay esfuerzo de querer superarse."
NORMAL,"No porque lo considero inmoral, ademas la amistad de una mejor amiga vale mucho y no la perjudicaría por nada en el mundo."
NORMAL,"No, Nada justifica convencer a alguier a realizar algo indebido por beneficiar a uno mismo"
NORMAL,"No lo haría ,es un acto inmoral que no se debe dar por ningún motivo ."
NORMAL,"No, para nada no solo por principios morales de la accion que conlleva convencer a una persona cercana a ti a participar en algo que no le gustara"
NORMAL,"Definitivamente no.Esta frase debe estar más ligada a la ética y a las enseñanzas inculcadas desde casa. De hecho, el ser humano es capaz de alcanzar sus objetivos sin perjudicar a nadie.Los fines no justifican los actos"
NORMAL,no dañaría a mi amiga solo por obtener un cargo de alta importancia primero está la moral y la ética y sobre todo la amistad  
NORMAL,"No, la frase enunciada denigra a la persona en este tema, no esta bien querer inducir a alguien sin medir las consecuencias, debemos respetar la dignidad de los demás, no escalar posiciones de esa manera, sino de acuerdo a nuestras capacidades."
NORMAL,El respeto y ética deben estar siempre presente en nuestras vidas así que no aceptaría ese método para sobresalir 
NORMAL,"Definitivamente no, debido a que no estaríamos respetando la dignidad de esa mujer y estaríamos dejando a un lado los valores que nuestros padres nos inculcan, y si nosotros queremos llegar alto no hay nada mejor que por nuestro propio esfuerzo y dedicación"
NORMAL,Mi respuesta contundente sería NO por el motivo de q mis valores no  m permiten  hacer eso y más involucrar a mi mejor amiga . Estoy completamente segura q mi dignidad como mujer y como persona vale más q cualquier cosa obtenida de esa manera.
NORMAL,"Lógicamente no, no hacia nuestro mejor amiga. Tampoco estaríamos haciendo un bien a nosotros mismos. ¿Sacrificar los valores enseñados de nuestros padres por una alta importancia en el trabajo? No. Pésimo error. Respetar la dignidad de esa mujer, es lo que un hombre hace"
NORMAL,"NO, porque afectaría negativamente tanto la vida social y profesional de mi amiga como la mía, prefiero ganarme el puesto por mis aportes a la empresa."
NORMAL,"Definitivamente no, los valores no se intercambian por un cargo importante en un trabajo. Qué clase de amistad sería obligar o convencer a otra persona a hacer algo por el bien propio? Un ascenso laboral debe depender únicamente de un mérito propio en el campo que se desenvuelve"
NORMAL,"No, no lo haría porque estaría lastimando a una persona que confía en mi y además estaría fuera de control porque primero estarían los valores que me han inculcado mis padres "
NORMAL,"Pienso que depende mucho de los valores que tengas como ser humano, si yo se que no es correcto pues no lo hago. "
NORMAL,"Un cargo no se  gana a base de propuestas indecentes. Una mujer tiene que tener amor propio, dignidad, respeto para si misma.. sobre todo inteligencia y darse cuenta que cualquier cargo se gana con  esfuerzo y dedicación.. "
NORMAL,No creo por qué ensuiaria mi reputación de cierta manera si me despiden no podría conseguir algo serio o talvez en la industria del prono si xd
NORMAL,"Obviamente NO, primero está mi dignidad como persona, un cargo importante lo puedo conseguir en otra parte y con buenas acciones "
NORMAL,Pues no ya que tengo para el trabajo hay cierto límite y no  a tales extremos
NORMAL,"Definitivamente no. No le haría eso a mi mejor amiga, ni desearía que le pase a alguien, es poco ético , además que donde están los valores? que uno se debe ganar su puesto, su dinero, sus cosas de manera honrada, eso no hace un caballero."
NORMAL,"No, pienso y creo que la dignidad de una persona, en este caso dos mujeres está muy por encima de cualquier puesto de trabajo.Cómo todo en la vida, siempre hay excepciones, y en este caso la hay para esta famosa "
NORMAL,"Definitivamente no. No le haría eso a mi mejor amiga, ni desearía que le pase a alguien, es poco ético ."
NORMAL,"No lo aplicaría ya que claramente esta mal, los fines no justifican los medios, por eso no comparto esa idea."
NORMAL,"Hay principios de vida en cada uno de nosotros, beneficiarnos y perjudicar a alguien por tener un mejor cargo... seria un gran error."
NORMAL,"No, ya que se esta denigrando a una persona por beneficio propio."
NORMAL,"No, yo considero que la integridad de una persona es algo que no se puede negociar con absolutamente nada ya sea hombre u mujer, nada va a justificar el querer pisotear la dignidad de otra persona. "
NORMAL,"pues no, por más cargo que tenga el jefe no tiene ningún derecho de ofertar una cargo en cualquier empresa por realizar dicha actividad y mucho menos si las personas involucradas no desean participar y le termina obligando."
NORMAL,"La frase tiene su sentido y su manera de ser usada, pero este no sería el caso, nunca falta el típico que quiere aprovecharse del tipo de situación en la que una persona se puede encontrar queriendo así hacerla caer en tentativas. "
NORMAL,Nada se justificaría porque si una persona quiere alcanzar un cargo más importante debe lograrlo por sus propios méritos y esfuerzo a través de su conocimiento en su trabajo. 
NORMAL,No aceptaría ya que una amistad no tiene un precio ya que mi mejor amiga desde que es mi mejor amiga es parte de mi familia y el trabajo y la familia no se mezcla. 
NORMAL,"No, me voy de la empresa, se supone que sí voy a ocupar un alto cargo debería ser por mi experiencia y conocimiento, no por sus deseos sexuales y encima queriendo que convenza a una persona querida para mí a hacer eso."
NORMAL,"No lo haría, es una falta de ética y personalidad hacerle el mal a una persona solo por conseguir un puesto importante "
NORMAL,No porque no debería hacer que otra persona se sacrificie o alga un esfuerzo por beneficio mio 
NORMAL,No lo aplicaría porque respeto y integridad es lo debe poder en práctica. Ganarce un puesto cometiendo algo que  no te esforzarte por tus medios genera muy problema mejor es seguir por nuestro medio.
NORMAL,No ya que con eso se estaría faltando el respeto de una persona que a confiado mucho en uno como persona 
NORMAL,"Definitivamente no, la integridad física y moral de una persona no es juego, siempre se debe ver por el propio bienestar y de las personas que son apreciadas por ti"
NORMAL,"No, los valores y el respeto no se intercambian, ni por un cargo importante en un puesto de trabajo. La amistad no obliga muchos meno exige a una persona hacer algo que no quiera! Un ascenso laboral se gana con el esfuerzo y el mérito que uno realiza."
NORMAL,"Difinitivamente no, eso sería falta de ética y moralidad ya que si quisiera llegar a un rango alto seria por mis propios medio por el esfuerzo  a lo que haga en el trabajo"
NORMAL,"Bajo ningún concepto creo que el fin justifica los medios, porque estos ""medios"" pueden ser perjudiciales como en el caso del ejemplo. No sólo estaría haciendo un daño propio sino también estaría incluyendo a un tercero que no tiene la culpa."
NORMAL,"No siempre el fin va a justificar el proceder de las personas. En este caso no va por un beneficio común entre las partes, se está afectando la moral de uno ellos. Muchas veces se manipula a los demás   sin importar el perjuicio cometido. "
NORMAL,La moral es primero y hay que ganarse todo con el sudor de nuestra frente. Además hay que respetar la integridad de una persona.
NORMAL,Pienso que nuestros padres an hecho un gran esfuerzo para enseñarnos principios y valores y nos enseñan a formarnos como mejor persona y no cometamos errores como aquello xq el fin no justifica los medios y debemos respetarnos como persona.
NORMAL,No seria correcto convencer alguien hacer algo indebido solo por obtener un beneficio propio
NORMAL,"No, no comparto la frase, por ética, por valores y por principios, no  perjudicaría a una tercera persona por mi beneficio. Y si es de asumir un cargo superior que sea por mi propio esfuerzo, sin la existencia de un jefe con esa actitud. "
NORMAL,"en definitiva gran error, solo con tener que pensarlo ya le fallaste a tu compañera, cometiendo delito tanto como cómplice como coahutor del echo participando en el acto; con justa razón cárcel."
NORMAL,"No es bueno perjudicar a otras personas por beneficio propio, toda persona es capaz de alcanzar algo con su propio esfuerzo, si proponen tal cosa diría que no y proceder a denunciar. "
NORMAL,"No, primero que nada lo correcto sería rechazar la propuesta y mejor aún renunciar ya que estar rodeada en un ambiente laboral con falta de ética, valores y poco profesionalismo no se sentiría bien. "
NORMAL,"definitivamente no aceptaría, no me perce justo perjudicar a otra persona para obtener un cargo de alta importancia."
NORMAL,"No me parece correcto convencer a tú amiga solo para conseguir un beneficio propio, no hay justificación para un comportamiento inmoral, sin importar el motivo o el resultado."
NORMAL,"Propuesta tentadora, pero no"
NARCISISTA,Sí porque a veces para lograr lo que queremos nuestro instinto de sobresalir nos lleva aceptar propuestas indecentes
NORMAL,"mientras sean venezolanas, bienvenidas sean uwu"
NORMAL,"Cada persona en cualquier País que esté se encuentre, sin importar su Nacionalidad, tiene el derecho de una Vida mejor para él y de los suyos"
NARCISISTA,"Estoy completamente de acuerdo, primero lo nuestro o nosotros mismos."
NORMAL,"Muchas personas que llegan de otros lugares, no llegan hacer el mal, simplemente buscan algo que les ayude a mejorar o salir de la situación en la que se encuentran."
NORMAL,déjalos entrar a tu país xd
NORMAL,"Todas las personas tienen el derecho a una mejor vida,  a brindarles una educación mejor a sus hijos, e impartirles lo importante que es hacer el bien  en el lugar donde pueden adquirir más posibilidades."
NORMAL,los extranjeros son seres humanos por lo tanto tienen derecho a vivir mejor sea donde sea.
NARCISISTA,"Cada ser humano tiene el derecho a una vida digna sea donde se encuentre, sin embargo siempre se debe dar prioridad a los nativos en cualquier ámbito"
NORMAL,"Nadie es dueño de ningún lugar, tenemos derecho de ser libres e ir donde queramos, dejemos la xenofobia a un lado "
NARCISISTA,"Decir pensar primero en nosotros mismos aveces suena egoísta pero hay que ser realistas las oportunidades de una mejor vida dentro de un país distinto al tuyo las hay, por ende nadie se salva incluso uno mismo, de ser parte de ese flujo de extranjeros."
NARCISISTA,"Todas las personas somos libres de elegir donde podemos realizar nuestras actividades, siempre y cuando sean cosas positivas, pero estando en nuestro propio país siempre se tiene que dar privilegio a las personas nacionales, a los nativos de aquel país."
NORMAL,"Considero que debemos ser empáticos con todos aquellos que buscan el bienestar en otros lugares, nadie conoce su situación, brindar ayuda no hace a una país ni más ni menos, es cuestión de humanidad."
NORMAL,"creo que toda persona sin importar la nacionalidad es bienvenida, siempre y cuando no hagan el mal"
NARCISISTA,La demanda de extranjero en nuestro país ha llevado que la delincuencia este a un nivel alto ya que pedimos que sean extraditados
NORMAL,Todos merecemos una oportunidad de estudiar y trabajar así no sea en nuestro propio pais.
NORMAL,Todos somos iguales y merecemos el mismo respeto donde quiera que nos encontremos
NARCISISTA,Es una imagen del mercantilismo del cuerpo en nuestra sociedad. Se debe conocer que existe un peso y talla adecuado que es sinónimo de salud y bienestar.
NARCISISTA,"El amor propio es sin duda uno de los más significantes dentro de los rasgos de personalidad. Considero que, el amarse a uno mismo dependerá de la seguridad personal, independientemente de las críticas basadas en los estándares sociales."
NARCISISTA,"Está claro que lucir a la moda no tiene que ser una prioridad, pero en la actualidad en muchos casos como luces, te definen....aún así pienso que una buena imagen y presentación sería suficiente.. sin necesidad de estar ""a la moda""."
NARCISISTA,"Pienso que tener una buena imagen para sentirnos bien con nosotros mismo puede ser un reflejo de amor propio, es como consentirnos  pero tampoco hay exagerar y creerse  más que las demás personas. Al fin y al cabo debemos sentirnos a gusto con lo que tenemos."
NARCISISTA,El amor propio abarca más que vestir a la moda y tampoco considero que sea igual de importante que la educación.
NARCISISTA,"Pos en mi caso me gusta siempre lo fuera de lo común, no ser una mas del montón y me amo tal y como soy."
NARCISISTA,Así es.
NARCISISTA,"Existen variedad de cosas por las cual se verán con prioridad, pero sin embargo que las apariencias no no engañen de esta manera si juzgamos a un libro por la portada no sabremos de que esta llena la persona, quizá sentirse agusto de como quisiéramos vestirnos"
NARCISISTA,Lucir bien es cuidarse y aceptarse mas allá de la moda o del que dirán lo importante es tener esa paz de saber que me amo sin importar nada.
NORMAL,"Si, hoy en día la imagen es lo primero que vemos, pero debemos ir mas allá y conocer realmente a las personas. El físico no lo es todo."
NARCISISTA,"Hoy en día la imagen que presentamos es muy importante, pero es más importante amarse a sí mismo y ser consiente que cómo nos sentimos es más importantes ir el resto de críticas de la sociedad."
NARCISISTA,"El amor propio también es salud, aceptarse tal y como uno es, pero eso si el sobrepeso es falta de una dieta balanceada, y eso es descuido."
NORMAL,"El lucir bien es un reflejo del amor propio, no es necesario estar a la moda es suficiente lucir bien físicamente como mentalmente, y con que uno se sienta bien consigo mismo una manera de demostrar el amor propio que nos tenemos."
NARCISISTA,"La educación no debe reflejarse en como te veas, sino en la actitud que tengas contigo mismo y con otras personas porque muchas veces juzgamos aquellos con pocos recursos que a simple vista no tienen para lucir bien pero son muy educados y serviciales."
NARCISISTA,"No está mal ""estar a la moda"" si tienes como, disfrútalo, pero siempre mantén firme tu humildad, porque otras personas quieren lo que tu ya tienes y no pueden. Aún así aquellas personas se adaptan y llegan a estar bien, con lo que puedan ponerse para vestir."
NORMAL,"El mundo está engañado pensando que la imagen perfecta de una persona representa su forma de ser, no es así, la moda en si representa como uno se aliste y logré demostrar su verdadero yo y amarse a sí mismo(a), y ser auténticos."
NORMAL,"Estar a la moda no debe ser necesariamente nuestra prioridad, sin embargo, vestir bien y cuidar nuestra imagen nos ayudaría a sentirnos agusto con nosotros mismos."
NORMAL,"Creo que no importa como te veas, si tú te sientes bien contigo mismo, ese es el verdadero significado de amor propio, porque la única aprobación que necesitas es la de Dios, la del mundo ni importa, así que luce como quieras y se tu mismo."
NARCISISTA,"El amor propio es importante aceptarse tal y como eres todos tenemos debilidades y fortalezas, porque que es necesario que te tomes un momento para apreciar lo increíble que eres incluso si tienes fallas."
NORMAL,"A mi criterio, el amor propio es un sinónimo del autoestima, ya que dependemos de aquello para nuestra estabilidad emocional."
NORMAL,"Cada persona conlleva paradigmas diferentes al hablar del amor propio si aquel individuo se siente bien en vestirse a la moda, pues que lo siga haciendo lo que no estaría correcto es el hacerlo solo para complacer aquellos  estereotipos de la sociedad."
NARCISISTA,Si es verdad aunque para otras personas no le parezca bien como se vistan  las personas con sobrepeso ya que aunque estén con sobrepeso ellos están a la moda y dan a proyectar su imagen
NARCISISTA,"nuestra imagen de lo que queremos proyectar a los demas debe ser agradable en el ambiente que nos encontremos, sin perder la esencia de uno mismo. "
NORMAL,"Más importante que estar a la moda es tener amor propio y saber quererse como uno es, independientemente de que si estas en moda o no lo importante ed que uno se sienta cómodo con lo que uno usa como vestimenta"
NORMAL,"La imagen que te define son tus valores!!...la moda representa seguir estereotipos sociales que te hacen parte del montón, en lo personal tu imagen debería reflejar aquello que te hace ser único, tu honradez, tu amabilidad o solo el hecho de respetar a los demás."
NARCISISTA,El Tener amor propio debe ser una prioridad en nosotros para poder sentirnos a gusto con nuestro físico y sobre todo  por la maravillosa persona que somos y debemos lucir bien ante las demás personas  y estar a la moda no debe ser una prioridad.
NORMAL,Existen muchas personas que no se aman asi mismo fisicamente y la otra vez se siente inseguro y sienpre tratan de dar una buena imangen con todos los demas.
NARCISISTA,"Opinó qué la imagen es tan importante como salud , ""estar bien, es verse bien"".  A demás de estar a la moda, perdemos nuestra propia forma de vestir que identifica  nuestra imagen. El ser originales sin seguir las tendencias."
NARCISISTA,"Constantemente es fundamental conservar la esencia de sí mismo, empero además es bueno tener una buena imagen, ya que ayuda a que la población sienta mas empatía contigo. "
NARCISISTA,El Amor Propio Consta de aceptarse tal y como eres  y hacer que tu autoestima crezca día a día para  convertirte en una persona segura de ti misma y poder avanzar.Estar a la moda es una tendencia y no todos deben estarlo ya que es algo opcional en cada persona.
NARCISISTA,LA IMAGEN DE CADA PERSONA ES ALGO SUPERFICIAL DE AQUELLA PERO EL AMARSE A SI MISMO CON DEFECTOS Y VIRTUDES ES SER UNA PERSONA SEGURA Y CAPAZ DE TODO. 
NARCISISTA,"El amor propio debe ir más allá de los estándares impuestos por la sociedad, es decir, no se define por tu peso, talla o la manera de vestir. El amor propio se debe reflejar en nuestra autoestima y en la aceptación que tenemos hacia nosotros mismos."
NARCISISTA,"Siempre es importante mantener la esencia de uno mismo, pero también es bueno tener una buena imagen, porque ayuda a que la gente sienta mas empatía contigo. Tampoco olvidemos que la actitud y amor propio hacen mucho mas que un atuendo."
NORMAL,Existen muchas personas que no se aman a sí mismo fisicamente y a la vez se sienten inseguros y siempre tratan de dar una buena imagen con los demás. Pero una aspecto importante sería que tu físico no depende de tu imagen frente a los demás.
NARCISISTA,"Tengo mucho amor propio, es algo en lo que he trabajado en años, pero no me interesa estar a la moda o seguir influencias de los demás. Soy un ser único e irrepetible, al cual debo amar primero para poder amar a los demás."
NORMAL,"El mundo basado en una ""imagen perfecta"" se vuelve totalmente indiferente hacia los sentimientos y lo que existe detras de cada persona. Si la humanidad se volcara al mismo pensar  dejarámos de ser humanos. Porque todo fuera superficial no avanzariamos. "
NORMAL,"Ni lucir bien, ni estar a la moda debe ser una prioridad en lo absoluto, y el amor propio es sabernos valorar por como somos, buscando ser mejores personas cada día, independientemente de nuestro físico. "
NARCISISTA,"El amor propio es auto valorarse, aceptarse por lo que es, se basa por nuestros comportamientos y actitudes, además,  no es necesario estar a la moda para aparentar lo que no somos. Depende el tiempo llegan las personas correctas a tu vida."
NARCISISTA,"Si es importante, dependiendo del punto de vista de cada uno, ya que debemos preocuparnos por nosotros mismos pero siempre viendo lo que este cómodo para nosotros, no lo que las demás personas quieren para nosotros. "
NARCISISTA,La primera impresión siempre cuenta
NORMAL,la moda no importa lo  que  importa es la actitud de cada persona
NORMAL, El aspecto es lo de menos pero siempre se debe de tomar en cuenta la educación
NORMAL," La imagen solo sirve para dar primeras impresiones de las cuales muchos basan su criterio sobré ti, pero eso tampoco te define eres más que una imagen y supongo que debés cuidar mucho más otros aspectos de la vida sin descuidar tampoco tu imagen"
NARCISISTA,"Tienes razón es muy importante como vestimos, ya que en la actualidad te tratan por como te ven."
NARCISISTA,"El amor propio es muy importante para una persona,  lo de estar a la ""moda"" solo es un complemento, pero los valores y la educación la pones tú, no lo que vistes."
NARCISISTA,Cada uno debe vestir como quiera cada uno debe sentirse feliz con lo que hace sin importar el comentario de las demás personas cada quien vive su vida a su gusto
NARCISISTA,"Estar a la moda te hace ver bien pero para mi lo mas importante es la Educación, también considero que el amor propio es lo más importante que puede tener una persona. "
NARCISISTA,"La imagen personal es muy importante, es algo que debemos cuidar siempre y no necesariamente estando a la moda. Bendiciones"
NORMAL,"El amor propio, es la aceptación hacia nosotros mismo, gustos, el físico, defectos, sin importar las opiniones de los demás. El vestirse a la moda o tener una buena imagen hacia los demás, no debe ser tan importante, mientras nos sintamos a gusto."
NARCISISTA,"Mas allá de la moda y si te gusta seguir las tendencias, nuestra autoimagen tiene un fuerte y directo impacto en nuestro estado de ánimo.  Cuando me veo bien, me siento bien.  El autoestima aumenta, la confianza y seguridad también y por tanto nuestro bienestar."
NARCISISTA,"El amor propio no sólo se refleja en cómo nos vemos, se refleja en nuestros actos hacia nuestro propio bienestar, ya sea comer o dormir bien, disfrutar nuestro postre favorito, etc. Así tendremos una óptima imagen de lo que somos por dentro y de lo reflejamos."
NORMAL,"Considero que el amor es un término relativo y que el amor a uno mismo también lo es, creo que la manera de presentarnos ante los demás a pesar de ser socialmente necesaria no creo que signifique que tanto nos podemos llegar a querer como personas."
NORMAL,"Lucir bien, presentable cuando mucho es importante porque es la primera impresión que tienen los demás de nosotros, no quiere decir que la moda sea una prioridad, con que nos sintamos bien y cómodos basta, nuestra educación siempre será más importante."
NARCISISTA,"Vestir a la moda no necesariamente significa amor propio, considero que es más bien el cuidado y el querer lucir bien para sí mismo, así demostramos varias cualidades que no se denotan en una persona que no cuida de el/ ella."
NARCISISTA,"Una de las maneras de empezar a quererse con sus virtudes y defectos es teniendo amor propio, claro que es importante la imagen que damos a mostrar en nuestro círculo social, pero lo indispensable aquí es la esencia que es lo que a una persona atrae."
NARCISISTA,Lucir bien y estar a la moda puede ser una prioridad pero siempre y cuando tengamos un buen control en nosotros mismo. 
NARCISISTA,"El autoestima y amor propio hacia uno mismo es el primer paso para poder aceptarnos y así cambiar por dentro, pero tampoco hay que descuidar como nos vemos por fuera si nuestra imagen es nuestra carta de presentación ante el mundo."
NARCISISTA,"El amor propio es aprender a amar tu cuerpo y reconocer lo valioso que es aceptarte tal y como eres, sin compararte con nadie y que las partucularidades son las que nos hacen auténtico."
NORMAL,"Estar a la moda no es una prioridad, el lucir bien no define nuestra educación solo nos damos una buena imagen. "
NORMAL,En lo personal mas que estar a la moda para sentirme bien me gusta sentirme bien conmigo mismo.
NARCISISTA,"Decir que el sobrepeso es sinónimo de no tener amor propio me parece errado, pueden existir personas delgadas que no precisamente cuiden su salud. Lucir bien depende de la actitud y seguridad que emites. "
NORMAL,"La figura personal depende  del sentimiento que uno mismo siente, ademas de eso una persona debe sentrarse en lo ella piensa y cree no lo que los demas desean."
NARCISISTA,"El vestirse bien es importante para reflejar una buena imagen, pero el amor propio es un tema distinto ya que es aceptarse como somos sin buscar seguir modas para ser aceptado por el resto."
NARCISISTA,"Cuando se mantiene una buena imagen es el reflejo de como nos sentimos por dentro, es amor propio, empieza desde una buena actitud, hasta la manera en la que nos reflejamos con nuestros actos, el estilo y la aptitud va más de la moda."
NORMAL,"La vestimenta no hace a la persona.  Lo que destaca de uno son  sus valores. Puedes vestir con la ropa más cara, puedes tener una hermosa figura pero si tratas mal y no sabes valorar a los demás no mereces ni siquiera llamarte persona."
NARCISISTA,"La imagen que uno refleja ante los demás muchas veces define la manera en la que te van a tratar. Así que, primero se debería tener amor propio para que uno pueda reflejar seguridad y la gente te pueda respetar con lo que estés vistiendo."
NORMAL,"El amor propio es crucial porque cuando la gente empieza a conocernos, la seguridad que tenemos en nosotros puede marcar la relación que mantenemos con los demás individuos de nuestro entorno. "
NORMAL,"Creo que amarte tal como eres es un reflejo de amor propio, sin importar como luzcas para la sociedad."
NARCISISTA,"Con lucir bien esta mejor, pero a la moda sería ya vanidad, el aspecto que nosotros damos ante los demás es lo primordial. El amor propio es aceptarse como tal."
NARCISISTA,Nuestra imagen debemos cuidar a diario vernos bien no solo para presumir o algo así simplemente para sentirnos bien con nosotros mismos y la moda no está mal mientras seamos humildes todo estaría
NARCISISTA,Por lo general la gente se deja llevar por los sentimientos asi que yo creo que no  
NORMAL,En realidad  yo si el niño no tiene la culpa 
NORMAL,"En una infidelidad todo se rompe, muchas veces muy dificil de llevar, pero si se llega a superar aquello si seria capaz de hacerlo siempre y cuando se hagan las cosas claras y no tomar como excusa la adopcion para intentar dar una solucion a aquello que quizas no lo tenga... "
NORMAL,"Yo si lo haria, despues de todo el niño no tiene la culpa de nada"
NARCISISTA,"Realmente no podria, existen miles de opciones como posibles soluciones. "
NORMAL,"Un niño nunca tiene la culpa de los errores que cometemos los padres, y si tengo los recursos de cuidarlo, claro que lo adoptaria"
NORMAL,Es verdad que cuando una infidelidad en una de las dos partes todo lo que se construya se pierde. Pero un hijo es una bendicion y mas en una situacion asi. El hijo no tiene la culpa de nada el no puede nacer en una situacion asi 
NORMAL,"Los niños no tienen la culpa, se estara ayudando a alguien necesitado"
NORMAL,"Yo diria que si, aunque una infidelidad es algo que no se supera de la noche a la mañana pero a la final todos cometemos errores en la vida y el niño no tiene la culpa."
NARCISISTA,Yo realmente pienso que no seria capaz.
NORMAL,"Creo que el niño no tiene la culpa de los errores que como adulto cometemos, pero si esta en mis posibilidades apoyarlo creo que si lo haria, hay que ver el otro lado de la familia del niño si desean que pase eso. "
NORMAL,La respuesta es Si podemos brindar amor al niño que lo esta necesitando. 
NARCISISTA,"Pues seria dificil ya que al tener contacto con el niño tendría siempre presente que mi pareja me fue infiel, pero si puede llegar a  posible darle un nuevo hogar al niño y poder empezar de cero "
NORMAL,"Existen y conozco casos que se dan.. por mi parte lo pensaria muy bien ya que una infidelidad es dificil de perdonar, pero un niño no tiene la culpa de nacer en ese tipo de situaciones...tomari­a una decision madura y al final hacerme cargo.. "
NORMAL,"Pues si lo adoptaria Por que es un ser humano que necesita cuidados, amor y sobre todo tiempo y no tiene la culpa de los errores de sus padres"
NORMAL,"En una infidelidad todo se rompe, muchas veces muy dificil de llevar, pero si se llega a superar aquello si seria capaz de hacerlo siempre y cuando se hagan las cosas claras y no tomar como excusa la adopcion para intentar dar una solucion a aquello que quizas no lo tenga.. "
NORMAL,Si el padre antes de fallecer fue sincero y acepto y explico todo no tendria problema por que el hijo de esa infidelidad no tendria nada que ver con lo que cometio el papa yo si lo adoptari­a y aparte tambien seria los hermanos de mis hijos.
NORMAL,"considero que brindar un hogar a un niño es una bendicion que Dios le esta dando por intermedio de nosotros. Si la adopcion es una de las soluciones, si lo hari­a, sin ver lo que haya pasado con la pareja que haya tenido entre ellos una infidelidad. "
NORMAL,Yo si lo haria
NORMAL,"El problema real no pareciera ser adoptar a la criatura, que eso se puede hacer hasta por compasion. Lograr perdonar la infidelidad es el caso. ¿Luego de que sirve adoptarlo si va a crecer en un ambiente de resentimiento y odio entre los padres? "
NORMAL,"Si, pero primero se debe perdonar cualquier acto de infidelidad."
NORMAL,si lo adoptaria 
NARCISISTA,"En si una infidelidad es dificil de perdonar, ya que rompia toda confianza que ah depositado en la relacion, seguir con aquella relacion no sera conveniente para la persona afectada"
NORMAL,"Lo pensaria demasiado por que a pesar de ser producto de una infidelidad, el hijo no tendria la culpa y aunque me estan comprometiendo de primeras lo aceptari­a y dari­a todo para que me reconozca como padre. "
NORMAL,"Si, pienso que un ser tan inocente tal y como lo es un niño, debe recibir todo el apoyo posible en este tipo de hechos lamentables, ademas de que aquel ser vivo no tiene culpa de los actos realizados por su madre o padre biologico."
NORMAL,El niño no tuvo la culpa asi que si adoptaria 
NARCISISTA,no la infidelidad no se perdona  
NARCISISTA,"Cuando existe infedelidad es dificil de superar, pero no se ponen a pensar que el niño tambien tiene derecho a un hogar, es verdd lo que se dice ¿Por que no se hace responsable el padre del niño? A pocas personas se puede llamar Padre o Madre."
NORMAL,"Claro que si, el niño no tiene culpa de nada"
NORMAL,"Como dicen una infidelidad es dificil de perdonar y superar, pero los niñs no tienen la culpa de los actos que comenten los adultos asi que si, si adoptari­a."
NORMAL,Talvez ....porque ese niño no tiene a nadie mas para que lo cuide y que le den educacion.
NORMAL,"Si, porque no tendria el corazon de dejarlo a una criatura inocente a la de Dios. "
NORMAL,"Si , por que el niño o niña merece una familia y no tiene la culpa de los errores que cometieron los padres y seria feo que el niño/a quede en adopcion "
NARCISISTA,"e visto casos asi pero x mi parte tendra que pensarlo ya q un niño no tiene la culpa de nada ya q los culpables son las personas adultas ,pero x mi parte siempre brindaria mi apoyo..."
NORMAL,"Una situacion muy complicada, pero el niño no tiene la culpa de nada, asi que si asumiria esa responsabilidad. "
NORMAL,"Los niños no tienen la culpa de los errores que hacen sus padre,todos merecen amor "
NARCISISTA,la verdad no 
NORMAL,"Si, porque un niño no tiene la culpa de los errores de los padres "
NORMAL,Si seria capaz porque los niños no son culpables de nada. 
NORMAL,en mi caso si adoptaria. 
NORMAL,claro que si 
NORMAL,"infidelidad se puede perdonar , lo importante es cuidar a un niño con amor "
NORMAL,"Uno no pide nacer, ni mucho menos elige los padres que quiere tener; por ello jami¡s un niño va a tener la culpa de los errores que ha cometido alguno de sus padres. Entonces yo si seri­a capaz de adoptarlo."
NORMAL,"Frase estereotipo com muchas interpretaciones. Sin embargo, de manera amplia diría que bienestar de seres queridos > “éxito en la vida”. "
NORMAL," Rotundamente NO, para mi, mis seres queridos deben ser parte fundamental de mi exito, ellos son los que me apoyan en cada paso que doy, no es justo que por preocuparme sólo por mí, les de la espalda o los traicione."
NORMAL," No, jamás tomaría decisiones que afectaran a mi familia."
NORMAL,"No, si para llegar al éxito afectas negativamente a alguien no se llamaría  éxito."
NORMAL,"No, no me gusta tomar decisiones que afecten negativamente a mi familia, incluso si eso significa perder un puesto de mucha importancia, o perder mi libertad o incluso mi vida, mi familia siempre será primero."
NORMAL,"No, porque no le haría daño a mi familia ya que ellos siempre están en todo momento para toda clase de situacición que suceda están  para apoyar mutuamente. "
NORMAL,"no tomaría decisiones negativas que afecten a mis seres queridos ya que eso influirá en mi estado de ánimo por lo cual iré en decaída y al final terminaré mal como mis seres queridos, siempre tomaría decisiones positivas hacia mi y hacia mi familia"
NORMAL,"No, porque las decisiones que yo tomé solo me deberán afectar a mí. "
NORMAL," No,no lo haría. A pesar de que me encantaría tener éxito, el hecho de que algo le afecte a mis familiares, me afectaría mi mismo también. Me sería muy difícil ver que las personas que más amo, sufren."
NORMAL,"No, no lo haria, seria algo muy inmoral."
NORMAL,"no porque el éxito de la vida se consigue con toda nuestra familia que nos rodea, ya que no es fácil conseguir algo sin esfuerzo y apoyo incondicional"
NORMAL, pregunta dificil. Pues depende de la situacion
NORMAL,"No, porque no le haría daño a mi familia ya que ellos siempre están en todo momento "
NORMAL," Si no fuese por la familia no se lograría conseguir éxito en la vida. Pues la familia es la que enseña los valores, ellos te enseñan el camino correcto, son parte de tí. Así que, no haría nada que los afecte y peor si es de forma negativa."
NORMAL,"No, ya que el éxito se logra pensando en el bien común"
NORMAL,jamás dañaría a nadie para obtener algún beneficio.
NORMAL,"No tomaría decisiones que lastimaran a mis seres queridos, porque el éxito real sería compartir con ellos cada uno de mis logros no lastimarlos. "
NORMAL,"Uno siempre buzca el éxito, siempre pensando en el bienestar y el apoyo de la familia."
NORMAL,"para lograr exitos en la vida de una persona , no es necesario lastimar a un miembro de nuestra familia los exitos se logran con responsabilidad respeto y saber muy bien lo que quieres hacer y lo que en verdar quieres llegar hacer en un futuro en tu vida"
NORMAL,"Me parece que no sería  justo para nuestros familiares, ellos son los que nos apoyan  y tener  éxito a cambio del mal para un familiar no está nada bien "
NORMAL,"No, ellos fueron que siempre estuvieron a mi lado y me apoyaron así­ que no lastimaria a mis seres queridos por avaricia"
NORMAL,"No, en definitiva no, me parece muy desagradecido pensar en el bien propio y dejar de lado a las personas que te apoyaron en todo momento, es verdad que en la vida debemos tomar sacrificios, pero también es bueno pensar en los demás."
NORMAL,Nunca tomaría decisiones que perjudiquen a mi familia Ya que ellos son pilares fundamentales de mi vida.
NORMAL,"Si el  exito es hacer daño a los seres que mas quiero entonces no lo acepto, siempre tomaría desiciones pensando en las personas que estuvieron para mi siempre"
NORMAL,"no, porque en lo personal pienso que uno de los aspectos del éxito  radica en que tus seres queridos puedan disfrutarlo también, ya que muchas veces son ellos quienes te ayudan a conseguirlo."
NORMAL,"NO, sea cual sea el ""éxito"", si es que afecta a nuestros seres queridos entonces no algo a valorar "
NORMAL,Nuestros seres queridos son las personas que nos apoyan diariamente para cumplir nuestros objetivos por esa razón no sería  grato tomar una decisión que les afecte 
NORMAL," Considero desde mi punto de vista qué no, porque mis decisiones a lo largo de mi vida las tomarIa con mi familia, ellos son las personas que me han guiado y sobre todo ayudado a tomas las mejores decisiones."
NORMAL,En mi opinión  personal considero que sea cual sea la decisión  que se nos presenten en la vida y que implique acciones negativas a algún familiar no me arriego a dicho tratado.
NORMAL,"No, las decisiones que tomamos siempre las afectan sea para bien o para mal, lo bueno de las familias es que siempre nos apoyan, para que dejarlas a un lado sinla familia es la que pasa por los momentos malos y buenos, ellos no se escapan se mantienen. "
NORMAL,"Podría decir que por mas que desees cambiar tu forma de ser y pases por tropiezos en la vida. Deberias pensar un poco mas en claro de como llegarí­a afectar esos cambios a tu familia y seres cercanos, da lo mejor de ti, se la diferencia, se agradecido"
NORMAL,no lo haria pues tomar ese tipo de decisiones q afecten directamente a mi familia no me haría feliz a mi. Siempre he dicho q la Dios y la familia están por encima de todo y siempre velará para q están bien .
NORMAL,"No lo haría por qué son seres queridos, siendo desconocidos sería otro tema "
NORMAL,Si una decisión implica afectar negativamente a mis seres queridos prefiero no tomarla.
NORMAL,Claro que no tendría primero que observar que mi éxito que no afecte a las personas que más quiero porque si no pues no seria éxito si ellos no están bien yo tampoco lo estaría.
NORMAL,"No, no lo creo. El motivo de tu éxito (En la mayoria de las ocasiones) Son en parte de tus seres queridos. Y tomar una decisión donde puedan ser afectados de manera directa y negativamente. Pues, es algo que nadie dirí­a un ""Si""."
NORMAL,"No, ¿Que clase de reciprocidad a nuestros padres serí­a eso? Ese ""éxito"" conllevaria a dañar a mi familia, la cuál desde que nace a querido lo mejor para mí­, no harí­a eso jamás. La familia es y siempre sería primero."
NORMAL,si fuera mi hijo pues buscaría ayuda profesional especializado en el caso de mi hijo para poder ayudarlo algún tratamiento si es posible
NORMAL,lo ayudaría en todo lo posible
NORMAL,Ninguna de las dos opciones
NORMAL,Lo tendría y le daría el amor y cuidado que se merece como cualquier otro hijo que tenga
NORMAL,Lo cuidaría y lo ayudaria
NORMAL,"Si a mi hijo le detectaran una malformación buscaría ayuda profesional para ayudarlo a salir adelante y estaría con el en todo su proceso ,no dejarlo solo Xk lo k le pase a mi hijo me pasa a mi ...Su felicidad y bienestar es la mía.."
NORMAL,"Ninguna de las opciones, seria inhumano eso"
NORMAL,No haría eso
NORMAL,pues si se diera el caso lo protegería mucho y lo apoyaria mucho dandole fuerzas que todo está bien y que lo único que importa es la salud de el y lo que digan las demás personas no tendría porque darle importancia.
NORMAL,"Yo lo cuidaría, lo llevaría donde profesionales en el tema para tener varias opiniones, sobre que tratamiento seguir."
NORMAL,"Tendría al bebé, y lo ayudaría desde su nacimiento llevándolo a tratamientos, a la vez mientras sigue creciendo lo trataría de ayudar psicológicamente"
NORMAL,"Ninguna de esas opciones. Doy todo lo que tenga, hago lo que sea para tenerlas junto a mi SIEMPRE"
NORMAL,"Somos nosotros los que elegimos procrear por lo que, se convierte en nuestra obligación el hacernos responsables de nuestras acciones... Esto incluye la paternidad .."
NORMAL,"Si cabe la más remota posibilidad de que bajo mis cuidados tenga una vida lo suficientemente plena a pesar de alguna limitación congénita, por supuesto no permitiría que lo aparten de mi lado."
NORMAL,"Al traer un hijo al mundo implica cuidarlo desde el momento en que vive, prefiero afrontar la situación y darle todo el amor, cariño y respeto que se merece. El camino será algo complicado pero aún así debemos hacer que viva de la mejor manera posible"
NARCISISTA,A criterio personal no pienso en hijos pero creo los seres humanos aprendemos la mayoría de cosas con adversidades y el enseñarle a vivir en este mundo sería todo un placer. El mundo juzga tengas o no defectos físicos.
NARCISISTA,"En mi opinión, si hay una posibilidad de poder ayudarlo lo haría, cuidando desde que nazca, pero no todos contamos con los mismos recursos y la valentía de hacerlo si pudiera realizar una interrupción del embarazo siempre y cuando este en lo primeros meses."
NORMAL,"Ni lo daría en adopción, ni mucho menos dejaría que muera, es una persona que no tiene la culpa de nada y que merece tener las mismas oportunidades que las demás personas"
NORMAL,"En el momento en que decides ser padre toda responsabilidad cae sobre tus hombros , desamparar un hijo ante una adversidad no debería ni si quiera pensarse , solo cuidarlo aun más y ayudarlo para que también pueda tener las oportunidades de los demás"
NARCISISTA,"Conlleva una gran responsabilidad, desde que sepas que vas a tener un hijo, sabes que de todo puede pasar, por otro lado si no se cuenta con los recursos o una estabilidad necesaria para el cuidado y bienestar de aquel hijo se podría optar por la adopcion"
NORMAL,"Lo cuidaría con todos los esfuerzos posibles, ya que es mi responsabilidad cómo madre.Contar o no con los recursos no es un impedimento para asumir mi deber paternal"
NORMAL,no haría ninguna de esas cosas al contrario como padre seguiría en pie de lucha hasta el final para que mi hijo se sienta bien y sea feliz a pesar de las malas circunstancias que se presenten a lo largo de su vida por ese problema de malformación
NORMAL,"Si a mi hijo le detectan una malformacion, debio ser por falto de cuidado en el embarazo o por causas geneticas. No haria ninguna de esas opciones, seria un motivo mas para seguir adelante, enseñandole que todo se puede logar con esfuerzo, un hijo no se puede rechazar ni dejarlo."
NORMAL,Si a mi hijo le detectan algo así yo lo trataría como mi hijo igual. Lo cuidaría y le enseñaría a que a pesar de todo el puede salir adelante
NARCISISTA,"Si se da el caso y estoy en la posibilidad de abortar, lo haría, pero si no es así, trataría de que siempre tenga presente la realidad del mundo y que el apoyo y amor de una madre o de la familia siempre será incondicional para él."
NORMAL,"Se deben estudiar todas las circunstancias, el traer un hijo que tenga algún tipo de malformación que le cueste realizar alguna actividad puede sobrellevar muchos gastos, obviamente el abandonarlo no es la solución, pero si se deberían analizar las posibilidades de vida que tenga"
NARCISISTA,"Es muy importante conocer el grado de dificultad que tuviera el bebé y si sé que sufriría mucho ya sea por discriminación o por la misma enfermedad, elegiría la segunda opción, sin embargo si hay posibilidades de una mejoría claramente lo cuidaría."
NORMAL,Realmente los hijos son algo que en este tiempo creo que se puede decidir a sí lo quieres tener o no! Sin embargo si una persona pienso la cual haya querido ser madre o padre debera amarlo así el cuente con una malformación o no.
NORMAL,Sí estámos a tiempo si le haría un tratamiento sino aceptarlo como es 
NORMAL,"Si se diera el caso, asumiría la responsabilidad de tenerlo con el cariño y amor de una madre, y en compañía de un profesional para recibir apoyo y poder incluirlo a la sociedad sin ningún tipo de inseguridad y una alta autoestima sea cual sea la malformación."
NORMAL,Asumiría la responsabilidad e iría en busca de un profesional y buscar opciones para que tenga una vida normal como todos los niños.
NORMAL,"Lo ideal sería que antes de nacer el niño esté en tratamiento médico hacer lo que se pueda para que no presente problemas pero si no se puede mejorar, aceptarlo tal y cómo es"
NORMAL,"Para un padre todo hijo es igual, e importante, pero si está en las posibilidades mejorar la calidad de vida de su hijo, pues lo haría."
NORMAL,Lo ayudaría en todo lo posible y lo amaría mucho.
NARCISISTA, los hijos son una parte buena para cada madre y las mamas sobre e amor y el afan de protegerlos  van a quererlos asi el niño tenga alguna malformacion o no sin embargo no todas compartimos los mismos criterios y se respeta.
NORMAL,Lo ayudaría en todo lo posible y lo amaría mucho.
NORMAL,"Si al tener un hijo con malformación, no lo daría por adopción ni mucho menos dejarlo que muera, mi hijo tendrá esa oportunidad de vida en el que nosotros como sus padres lo cuidemos con cariño y amor, con el fin de que el disfrute la vida que se le ha dado."
NORMAL,Prefiero tenerlo a que darlo en adopción porque hacer eso estaría mal y no es de humanos y lo cuidaria igual porque el es igual a todos nosotros.. Aunque tenga alguna deformación no lo hace diferente a nosotros
NORMAL,Prefiero tenerlo a que darlo en adopción porque hacer eso estaría mal y no es de humanos y lo cuidaria igual porque el es igual a todos nosotros porque tenga alguna deformación no lo hace diferente a nosotros....
NORMAL,"Claramente lo ayudaria en todo lo que pudiera, y lo apoyaría en todo, pero no me gustaría ninguna de esas opciones dadas"
NORMAL,No aceptaría ninguna opción más bien me haría a cargo de él y lo necesario tanto sentimental como económicamente apoyándolo
NORMAL,Desde un principio que es ingendrado ya es una vida.Debemos ser responsables con nuestro cuerpo y cuidarlo.Un niñ@ siempre será una bendición
NORMAL," No daría a mi hijo por nada del mundo a nadie sea lo que sea que tenga, ya que es fruto de mi amor y lo que Dios me ha enviado para cuidarlo de todo mal."
NORMAL, me quedo con el y lo criaría con muchisimo amor
NORMAL,"Creo que el amor de padres va más allá de cualquier característica, todos desean un hijo completamente sano y a veces suele ser difícil cuando no es así, principalmente porque existe prejuicios en la sociedad, diría que el amor verdadero guía, cuida y proteger esa vida"
NORMAL,"Lo tendría y estaría a su lado hasta el último si el caso es muy complejo, si crece será el más amado y cuidado sin importar el esfuerzo que trae consigo"
NORMAL,"las personas no son un objeto que puedas abandonar porque no es lo que esperabas, yo sin duda lo cuidaría y crearía un mundo a su alrededor en el que sea feliz y amado por todos"
NORMAL,"Buscaría la mejor elección de acuerdo al grado de afectación, pero dejar que muera no me parece porque fue mi elección concebirlo, también debe ser mi responsabilidad velar para que viva y disfrute cada día de su vida, aún si no está al alcance de mis manos."
NORMAL,"Al momento de tomar la decisión de tener un hijo, acepto las responsabilidades que venga con ello, y si mi hijo naciera con una malformación,buscaría la mejor opción que le brinde la posibilidad de tener una vida plena."
NORMAL,"Depende, pero antes de tener hijos me haria pruebas junto a mi pareja para detectar algún problema genetico hereditario. Y si hay algo, mejor adopto"
NORMAL,"Mi respuesta sería no porque es mi bebé y decidí tenerlo, también vería las formas de hacer que mi niño se incluya a las escuelas normalmente ya que los niños con alguna malformación no deberían ser discriminado al fin al cabo son personas"
NORMAL,lo criaria ya q no somos Dios para estar decidiendo quien vive o quién muera y es sangre de mi sangre no sería capas de atentar contra su vida y si Dios lo envía es xq tiene un propósito en la a tierra y en tu vida un hijo es un ángel y una bendición
NORMAL,"Si tuviera un hijo con malformaciones lo tendría, lo cuidaría y la daría todo para que tenga una mejor calidad de vida posible."
NORMAL,Yo no haría ninguna Dios nos da la oportunidad de ser mamá sea la situación que sea  o como vengan nuestros hijos hay que aprender a sobrellevar las situacion yo gracias a dios tengo un hermano discapacitado   y he aprendido mucho
NORMAL,"No lo daría en adopción y tampoco dejaría que muriera, lo quería tal cual es, todo niño tiene derecho a vivir"
NORMAL,"Ninguna de las dos opciones, buscaría la forma de criarlo con amor. Lo ayudaría en todo lo que pueda, porque sería un hijo el cual merece vivir. Buscaría especialistas que sepan del caso de mi hijo"
NORMAL,"Considero que un hijo es una responsabilidad, así que se deben considerar todas las opciones en función del bienestar de esa nueva vida."
NORMAL,Un hijo es una bendición asi que mi decisión es tenerlo cuidarlo y darle mucho amor
NORMAL,"A un hijo se lo ama y acepta tal y cómo esté, si hay posibilidae económica de ayudarlo, se lo hará sino sólo amarlo y cuidarlo con sus defectos"
NORMAL,"Desde el momento en que llega a tu vida esa bendicion tan grande de ser padres empiezas a querer a tu hijo y apreciar como lo más bello que pudo llegar a tu vida, el amor de madre va más allá del físico, y estará dispuesta a todo por ver sonreír a un hijo"
NORMAL,"No lo daría en adopción, lo cuidaría y le daría amor y apoyo"
NORMAL,"Un hijo sea cómo sea vale mucho, no importa la malformación que posea, pero si tuviera los recursos económicos, si lo ayudaría a superar sus problemas congénitos"
NORMAL,En este caso lo más probable es que me quedaría con mi hijo y buscaría una ayuda profesional para tratar el caso de malformación.
NORMAL,No ninguna de las dos opciones siempre hay que quererlo tal como es
NORMAL,"Jamás, lo amaría porque es mi hijo "
NORMAL,Lo conservaría y buscaría ayuda profesional para darle una mejor calidad de vida mientras Dios le de vida
NORMAL,"Ninguna opción escogería, más bien lo tendría conmigo y lo ayudaria en lo largo de su vida"
NORMAL,"Ninguna de las dos opciones , seria algo cruel."
NORMAL,"Debemos saber que por alguna causa tuvo una malformacion tal vez por descuido de los padres pero eso no les da el derecho de abortarlo si no que deben hacerses responsables porque es su hijo,sangre de su sangre y todo hijo es una bendicion de Dios :) #Fe"
NORMAL,"No, lo correcto seria buscar ayuda profesional para cuidarlo a lo largo de su crecimiento, hacer alguna de esas opciones es algo muy cruel."
NORMAL,toda persona tiene derecho a la vida. Yo haria todo lo posible para ayudarlo y no tenga problemas
NORMAL,"Suena difícil tomar una decisión por las pocas opciones que hay..la verdad es que ninguna de las dos, por qué las dos son dolorosas de tomar..Antes prefiero tenerlo luchar aunque sea difícil ...;)"
NORMAL,"Buscaría la forma y todas las posibilidades para dar un tratamiento respectivo si en tal caso haya o no haya una solución aún lo haría, son casos muy especiales que deben llevar su atención necesaria, y daría mi vida por la de el porque es mi hijo."
NORMAL,"Ninguna de las 2, por que todo niñoy ñiña q nace si dios lo permite tiene derecho a la vida,en mi caso si fuera mi hijo/a lo criaria con todo el cariño y amor."
NORMAL,"Lo importante sería mejorar su estilo de vida, su salud y su condición física o mental en la manera posible para evitar discriminación ."
NORMAL,"en el momento en que decides ser padre toda responsabilidad cae sobre tus hombros , desamparar un hijo ante una adversidad no debería ni si quiera pensarse . Éxitos a todos"
NORMAL,"buscaría ayuda profesional y estaría con el en todo su proceso, no dejarlo solo en su tiempo de creciento y formación personal para enseñarle que sigue siendo una persona y no tiene porqué subir discriminación de nadie en general."
NORMAL,"Un hijo siempre será una bendición con todo y sus defectos, hay que aceptarlos tal y como son"
NORMAL,"Pienso que hay que ayudar en lo que más se pueda y si no, entonces toca aceptar y a amar a un hijo tal y como es"
NORMAL,Convendría hacer un tratamiento médico especializado para mejorarle su estilo de vida
NORMAL,"Darlo en adopción no es una opción, más bien ayudaría a mejorar su condición o malformacion y así le doy una mejor calidad de vida."
NORMAL,No lo daría en adopción porque es mi sangre 
NORMAL,Preferiría que sea visto y tratado por un médico y así minimizar los riesgos en su salud o por algún problema de malformación. 
NORMAL,"Un hijo es una bendición y no merece ser dado en adopción, sino qur buscar estrategias y ayuda médica para mejorar su diario vivir."
NORMAL,claro que no lo dejaría en adopción
NORMAL,no
NORMAL,"No lo daría en adopción, lo ayudaría buscando un especialista médico para que trate su problema y así mejorar su diario vivir"
NORMAL,jamas sacrificaria a un ser humano
NORMAL,"Pues lo ayudaría en lo que más pueda pero no lo daría en adopción, ni que muera."
NORMAL,Le apoyaría para realizarle algún procedimiento médico para mejorar su diario vivir.
NORMAL,Lo ayudaría en lo que más pueda para mejorar su vida
NORMAL,"Ninguna de las dos opciones, cómo madre tocaría apoyarlo en todo lo que uno pueda con tratamientos médico."
NORMAL,"Le brindaría ayuda médica especializada, pero no lo dejaría morir o en adopción."
NORMAL,"A un hijo se lo ama tal cómo es, y no importa su problema siempre hay que ayudarlo mientras se pueda."
NORMAL,Le ayudaría con algun tratamiento médico y brindaría apoyo emociónal para superar su problema.
NORMAL,"Ninguna de las dos opciones, sino que le daría fuerzas motivación aparte de hacerle ver con médicos para ayudarle a mejorar si condición."
NORMAL,Le daría fuerzas para vivir y ayudaría en lo que más pueda en alguna fundación para ayudar de niños con problemas de malformación
NORMAL,Le brindaría ayuda sicologíca y médica pero no lo daría en adopción peor lo dejaría morir
NORMAL,Solo Dios es quien da o quita la vida lo recibiria con mucho amor y lo cuidaria es una Bendición de Dios
NORMAL,"Lo aceptaría cómo es, dándole cariño y amor"
NORMAL,Como padre lo aceptaría tal cuál es y si tengo recursos económicos suficientes le ayudaría a mejorar su condición
NORMAL, ninguno de las dos opciones. Es mejor salir adelante como padres.
NORMAL,Si tuviera un hijo con alguna malformación lo cuidariamos aún más y se le abrindaria el apoyo que sea necesario.
NORMAL,hay que tener la responsabilidad total de los actos que hacemos. Y en este caso lo más prudente es estar con tu hijo y darle todo el apoyo que necesita.
NORMAL,"Elegiría que no le abandonaría, es más le ayudaría, Buscaría de un profesional médico para su tratamiento, que se sienta mejor"
NORMAL,"Creo que falta una tercera opción, que es aceptar, amar y apoyar a ese bebé como lo que es, un hijo"
NORMAL,Si a mi hijo le diagnostican mala formación lucharía día a día con él pero no lo dejará botado en el hospital o lo aportaría ni mucho menos lo daría en adopción por qué es una vida que sea como sea me va hacer feliz  y sea feliz solo conmigo
NORMAL,"Elijo cuidarlo por mi propia cuenta, pues es parte de mi ser, y no tendria porque negarlo o esconderlo, cabe recalcar que hoy en dia la tecnologia ha tenido un gran avance , y a este paso podemos a ayudar a cualquier persona con problemas de salud"
NORMAL,"Ninguna de las dos, todo lo contrario como madre le dedicaria más tiempo porque es un ser humano que necesita de mas cuidados y dedicación y brindarle todo mi apoyo sin importar lo que digan los demás."
NORMAL,En realidad la madre no lo daría en adopción ni tampoco preferiría que muera por que al momento que esta un bebe en el vientre de una madre para ella es algo importante y por ende no preferiría eso
NORMAL, Primeramente un hijo es una bendición por que hay madres q no pueden tener hijos y harían lo q fuera por uno y yo no lo mataría si no que lo cuidaría y protegería
NORMAL,No consideraría ninguna de las dos opciones en si tendría que aceptar y amar a mi hijo tal y como es y ayudarlo en lo que pueda
NORMAL,"en principio y sin estar en esa situación puedo decir que asumiría la responsabilidad que Dios me da. Considero que solo quien está pasando o ha pasado puede a ciencia cierta dar un criterio válido, incluso soportado en opiniones médicas."
NORMAL,Yo no aria ninguna de las dos opciones Primeramente pedirle a Dios que nos de fuerza para los niños qie nazcan con una enfermedad Porque Dios tiene el control de todo Y estar con nuestros hijos asta el final y eso yo aria por ese problema de malformacion
NORMAL,"A un hijo se le acepta tal y cómo venga, si hay recursos se hará un tratamiento, sino aceptar tal cómo es."
NORMAL,"En lo posible ayudar a un tratamiento con especialistas médicos, y sino amarlo tal y cómo es."
NORMAL,"Se le ayuda en lo posible  hasta donde uno pueda, igual se debe aceptar sea cómo sea"
NORMAL,"Ninguna de las dos. Ya que amaria ese hijo pq el no tiene la culpa d haber nacido asi  tampoco lo daria en adopcion ya q lo mandaria a sufrir pq muchs persons adoptan a niñs fuertes y sanos.Obviamente me queria cn el, lucharia hasta lo ultimo para que viva."
NORMAL,"Esta decisión es muy difícil, por lo que no se que responder mas que preferiría que no le pasara nada, solo si ese defecto no le perjudica a su vida"
NORMAL,"Optaría por cuidarlo, amarlo, valorarlo y respetarlo como cualquier hijo no importa como sea con o sin problemas, si se puede evitar algún problema, pues se lo evita, sino aceptarlo como sea."
NORMAL,"Ni de loco darlo en adopción o dejarlo morir, se le hace un tratamiento médico, sino aceptarlo tal y cómo esté."
NORMAL,"No lo daría en adopción ni mucho menos preferiría que muera, lo cuidaría."
NORMAL,"Prefiero hacerle un tratamiento médico y lograr mejorar su calidad de vida, pero darlo en adopción no, lo importante es aceptarlo cómo es así con sus defectos igual un hijo es una bendición!."
NORMAL,"Un hijo es una bendición, sea cómo sea, con todo y sus defectos, pero si en nuestra posibilidad está mejorar su condición fisica o mental debido a algún problema de nacimiento, se lo hará, caso contrario se lo aceptaría cómo es. "
NORMAL,"En lo posible ayudarlo pero si no se puede más, aceptarlo tal cómo es motivandolo a seguir adelante."
NORMAL,"No daría en adopción, sino utilizaría recursos económicos para realizarle un tratamiento médico y así mejorar su calidad de vida."
NORMAL,"Se le ayudaría en lo que uno más pueda para mejorar su vida y su condición pero no darlo en adopción, eso es Inhumano"
NORMAL,"Ya es una responsabilidad y lo correcto sería buscar ayuda profesional, y siempre apoyar al bebé sin importar su condición. "
NORMAL,"La vida se la respeta desde la concepción, así que considero que solo Díos es el decide sobre la vida yo lo amaría por q es parte de mi1"
