v1,v2, , , 
NARCISMO,"No lo sentiria como mio, pero si sentiria algo de lastima, porque algun sufrimiento no se lo desea ni a su enemigo, en mi posicion lo comprenderia.", , , 
NARCISMO,"Creo que si podría sentir ese sufrimiento, a todos en un momento nos a pasado cosas malas y es inevitable no ponerse en los zapatos de otros pero sin embargo considero que cada persona merece lo que da y si hace el bien entonces obtendrá el bien", , , 
NARCISMO,Creo que toda persona  ve el beneficio propio antes de pensar en los demás ... no obstante debemos se más empáticos por aquella persona sea enemigo o quien sea poniéndonos en lugar de ellos al igual que ellos a nosotros... Pero solo son luchas de  perspectivas de ambos lados1, , , 
NARCISMO,"Nunca he tenido enemigos. Pero si alguien me hace un mal a propósito, y esa persona sufre por algún factor que no tiene que ver con el problema entre nosotros, entonces no me alegraría ni nada. Y si esa persona necesita mi ayuda de forma sincera, entonces le daría la mano.13", , , 
NORMAL,"La verdad es que no sabría como actuar, no tengo enemigos...1", , , 
NORMAL,Yo pienso que todos somos un mundo diferente pero si me lo preguntaran yo le ayudaría asta donde pueda ya es un ser humano y solo por eso ya que no es otro ser pienso no se ya hay mucha gente q solo mira los hechos, , , 
NARCISMO,"No podría entender el sufrimiento de esa persona, a solo que experimentemos el mismo sufrimiento, pero esta siempre recordar que si una persona pide tu ayuda, así el problema o sufrimiento no sea tuyo, poder ayudarlo en todo lo que este a tu alcance.", , , 
NARCISMO,"No he tenido un enemigo real hasta ahora, pero siendo sincera creo que no lo sintiera como mío, y pues dentro de lo que más pueda lo ignoraría pero si tendría que ayudarlo y es algo muy importante si lo haría.", , , 
NARCISMO,"No podría sentir su dolor como mío, pero sí lo que está pasando es algo grave o fuera del motivo por el cual somos enemigos, si mostraría empatía por él y no desearía que alguien se alegre de mi sufrimiento.2", , , 
NARCISMO,Inevitablemente sentiría empatía. No podría alegrarme por el sufrimiento de una persona al menos que alguna vez lo haya provocado a mí o a un tercero., , , 
NARCISMO,"La verdad no, porque capas tiene un sufrimiento muy fuerte, y no podemos sentir eso, lo que haría es ignorar y cambiar el tema ya que, si es mi enemigo quiero una pele justa no aprovecharme de la situación de el.", , , 
NORMAL,"El hecho que sea mi enemigo no quiera decir que no tenga sentimientos, asi que si se deja ayudar pues lo hago", , , 
NARCISMO,"No sentiría nada, simplemente si está en mi posibilidad ayudar, lo hago, sino, para la próxima será.", , , 
NARCISMO,"En lo personal, yo no le tengo rencor a nadie y considero que tampoco tengo enemigos, pero de ser el caso trataría de ayudarlo en lo que pueda tampoco quisiera entrometerme mucho.", , , 
NARCISMO,Trataría de pensar mucho y ayudaría a la familia con apoyo moral1, , , 
NARCISMO,"Incluso esto se puede ver en los prejuicios de la sociedad, así tu tengas menos que alguien que te envidie, este te seguirá envidiando aún tu estés en la miseria debido a que eres feliz y para la otra persona esto es malo.1", , , 
NARCISMO,"No tengo ningún enemigo, pero si hablamos en alguna suposición no sintiera nada al respecto, si veo que necesita mi ayuda, lo ayudo porque a pesar de todo somos humanos y cualquier persona puede cometer errores.", , , 
NORMAL,"En mi opinion , no podria sentirlo como mio, sin embargo soy de las personas que no le desean el mal a nadie y por esa misma razon tampoco lo ignoraria , seria empatica y l@ ayudari@ sin importar lo que sea , estaria mostrando un gesto de humanidad para con el projimo .", , , 
NARCISMO,"No lo sentiría como mi sufrimiento, sin embargo tampoco sentiría felicidad por la angustia de otra persona, eso no es ser una persona ética", , , 
NORMAL,"A pesar de lo que lo alla hecho mi enemigo no le desearía ningún mal, así que yo trataría de ponerme en su lugar, en saber por lo que esta pasando con esa persona y si me lo permite, poder brindarle mi apoyo", , , 
NARCISMO,"No tengo ningún tipo de enemigos, ayudaría a cualquier persona conocida o desconocida sin ningún problema, claro está si esta persona desea mi respectiva ayuda. De lo contrario, de no necesitar o querer mi ayuda, realmente me daría igual.", , , 
NORMAL,"No le deseo el mal a nadie, si mi peor enemigo sufre por alguna razón, no sentiría ese sufrimiento como mío, pero sí esta en mis posibilidades ayudar a disminuir el sufrimiento lo haría, sin importa el trato que me haya dado anteriormente.", , , 
NORMAL,"La verdad es que no soy una persona rencorosa y aunque ese persona me haya hecho mucho daño de igual forma intentaría ayudarla, claro si es que esta en mi alcance el poder hacerlo.", , , 
NARCISMO,"Pienso que actuando en consecuencia, el dolor ajeno se trate de quien se trate es algo malo, en cierto modo pensaria que el karma le estaría devolviendo el daño causado, pero si sentiría algo de tristeza por esa persona.", , , 
NARCISMO,"Pues no considero a nadie como mi peor enemigo, pero soy de la idea que no debemos desearle el mal a nadie y ante esta pregunta mi pensar es que no lo sentiría como mío pero si me gustaría ayudarlo aunque sea de manera indirecta.", , , 
NORMAL,"Independientemente del problema que exista entre ambas personas, no está bien alegrarse de un mal sin embargo sería importante recalcar el aprendizaje que dejará este sufrimiento a esa persona.", , , 
NARCISMO,"No he tenido enemigos, ni espero tenerlos pero en casos así no lo sentiría como si el problema fuera fuera mío, pero si daría un apoyo de fortaleza hacia esa persona que está sufriendo", , , 
NORMAL,No tanto como mío....pero si sentiría un sentimiento de poder ayudar, , , 
NORMAL,"Pues dejaría la amargura de lo que haya pasado y sentiría el sufrimiento como si fuera mío, incluso acudiría ayudarle en lo que esté a mi alcance.", , , 
NORMAL,"No e tenido enemigos , pero a pesar del daño que cometió , no se le desea el mal a nadie , ya que nadie es perfecto , todos en algún momento nos equivocamos ; no sentiría su sufrimiento pero si podría ayudarlo", , , 
NARCISMO,"No sentiría el dolor como mio...bueno sentiría empatía y si hay algo en lo que lo pueda ayudar lo haría sin ningún problema ya que si a mi me considerarán como ""mi peor enemiga"" no me gustaría que se burlen de esa desgracia.No hagas lo que no quieres que te hagan.", , , 
NARCISMO,Simplemente no le deseo el mal a nadie pero no disfrutaría ante el sufrimiento de un ser humano pero lo tomaría como un merecido porque todo en esta vida se paga, , , 
NARCISMO,"No haría nada, prefiero ignorar. A no ser que una situación grave, solo ahí extendería mi mano, pues una cosa es que sea tu enemigo y otra que es que estamos hablando de un ser humano. Pero como no tengo enemigos", , , 
NORMAL,Son muchas las emociones que existen dentro de nuestros pensamientos y cuando hay alguien en apuros así sea tu peor enemigo necesitamos sentir empatía ya sea por un corto lapso de tiempo., , , 
NORMAL,"Hay veces en las que no se puede sentir empatía por una persona que de algún modo nos ha hecho daño, sin embargo, creo que esto tampoco implicaría sentir algún tipo de satisfacción por su sufrimiento. Si es muy grave la situación y además esa persona en algún momento llegó a ser1", , , 
NORMAL,"importante en alguna etapa de mi vida, no me quedaría de brazos cruzados y ayudaría, de otro modo, simplemente lo ignoraría.", , , 
NARCISMO,"En lo personal. No podría sentir ese sufrimiento del cual esté pasando. Pero de lo que estoy segura, que si necesitaría mi ayuda, se la brindaré. Ya que a veces pasamos por muchas circunstancias y no sabemos quienes podrán ayudarnos. Del quien menos se lo espera.", , , 
NORMAL,"El agrado o desagrado del dolor de otra persona es un reflejo de lo que está mal en mi, si alguien me hace daño es porque alguien ha agredido a esa persona antes, lo que vemos como venganza es la acción que trata de compensar una perdida, pero ella sólo el duelo la puede superar.", , , 
NORMAL,"En definitiva no podría sentirlo yo, debido a que cada persona es un mundo diferente, siente y vive a su manera, pero la solidaridad es un valor importante del ser humano y trataría de ayudarlo en lo que necesite, con el pasar del tiempo la vida recompensará cada acto bueno.", , , 
NARCISMO,"Creo que depende mucho de mi situación con esa persona, tal vez lo que sufre puede ser el famoso “karma” por sus malas acciones no me alegraría por ello pero tampoco lo aplastaría más, dejaría que el solucione sus problemas, pero si esté problema es fuerte si le ayudaría", , , 
NARCISMO,"Existe una pragmática que dice, que sin la maldad no tuviera lógica la felicidad, alegrarse por el sufrimiento de otro ser humano no es correcto ni ético. Bien se dice en el argot popular, existe un Karma que si hemos hecho mal o bien el tiempo es el único que lo hace pagar.", , , 
NORMAL,"En los personal no le guardo rencor a nadie, pero dependiendo de la condición en la que se encuentre siempre y cuando no me causen problemas en un futuro, lo tomaría como un sentimiento propio para mi mismo", , , 
NARCISMO,"Depende de que tipo de sufrimiento sea, por ejemplo si esta sufriendo por alguna enfermedad de algún padre o hermanos entonces lo ayudaría, pero si es un acto que él mismo se provocó y por eso esta sufriendo entonces no lo ayudó para que escarmiente.", , , 
NARCISMO,"Ignorar, es algo que no haría, porque a pesar de todo lo que a causado sigue siendo una persona igual que nosotros, sin embargo si llego hacerlo me convertiría en mi propio peor enemigo, pero siempre y cuando haya ese perdón mutuo para así poder ofrecer esa ayuda.", , , 
NORMAL,"No lo sentiría tanto como si fuera mi sufrimiento, pero si tengo la posibilidad de ayudarlo no tendría ningún problema en hacerlo", , , 
NARCISMO,"Depende mucho de la situación, ya que la causa del sufrimiento puede ser la consecuencia de algún acto negativo realizado por esa persona, si no es así se lo podría ayudar de alguna manera.", , , 
NARCISMO,"No tengo enemigos y si fuera así, ignoraria lo que le pasa a noser que sea dms fuerte y me pida ayuda, haría lo que esta en mis manos.", , , 
NORMAL,"Si fuese una persona objetiva y poco rencorosa podría ser empatica con esa persona, sin embargo como ser humano aveces no se controlan esos aspectos, yo creo que dependería de que situación sea la que se esté aconteciendo", , , 
NARCISMO,"Hoy en día es irrelevante llevar riñas con alguna persona, pues por más daño que me haya hecho alguien no le deseo el mal, es mejor vivir bien con uno mismo a qué llevar rencor en el corazón y el daño que haya hecho tarde o temprano vuelve (karma)", , , 
NARCISMO,"No sentirlo como mío.. pero de igual manera buscaría ayudarle o simplemente escucharle, en eso está la empatía", , , 
NARCISMO,"No compartiría el sufrimiento, tampoco me alegraría por su situación, solo lograría asimilar lo ocurrido, si la situación implica ayudar sería de manera indirecta.", , , 
NARCISMO,Lo sentiría y trataría de ayudarle si es de él/ella dejarse ayudar., , , 
NORMAL,No quisiera ignorar a mi enemigo ya que aunque los dos seamos enemigos y tengamos diferentes gustos aún así me preocuparía por él aunque también dependiera de Qué tipo de sufrimiento tendría, , , 
NORMAL,"El sufrimiento  no es algo que se pueda sentir como propio, sin embargo, ser prudente y mostrar sensibilidad es la mejor opción sin importar quien lo pase, es cuestión de empatía y respeto.", , , 
NARCISMO,"Pues yo digo que aunque sea mi enemigo debería ayudarlo, unque yo diría que necesito que el pase un poco de karma pero tampoco soy haci de vengativa haci que si lo ayudaría.", , , 
NARCISMO,"Yo no me sentiría feliz o complacido. Pero, por otra parte, tal vez me sentiría bien si fuese algo que se lo merecía. Aunque nunca me diera placer el sufrimiento de alguien más.", , , 
NARCISMO,No lo puedo sentir como si fuera mi pero si sentiría compacion por el y que pues desiaria que lo que este pasando pues se termine su sufrimiento, , , 
NORMAL,"Creo q seria una persona medianamente empática ante la situación, no tendría relación con la persona pero no ignoraría ni me burlaría de ello", , , 
NARCISMO,No le deseo el mal a nadie pero ya en sentido así a mi pensar no kisiera saber d esa persona cambiar del tema, , , 
NORMAL,Pues dependeria de lo que mi projimo estee pasando. Y de eso actuaria ya que todos somos hermanos antes los ojos de Dios , , , 
NORMAL,Talvez no sentirlo como mío pero si me cindoleria de su situación  y le ofrecería mi apoyo si lo necesitara, , , 
NORMAL,"Todo dependería de la clase de sufrimiento que estaría pasando, porque si es la pérdida de un ser querido obviamente sentiría su dolor.", , , 
NARCISMO,Dependiendo si mi enemigo es malo en tonces nesesita aprender de las consecuencias para que cambie algo de en su personalidad. Caso contrario el sufrimiento no se los desearía a nadie., , , 
NARCISMO,"Respeto genera respeto, simplemente me mantendría al margen, pero si necesita mi ayuda lo apoyaría porque tampoco sería tan inhumano, a la final nunca sabes las vueltas que puede dar la vida, y en algún momento tendrás que necesitar de esa persona.", , , 
NARCISMO,"Puede ser, pero influyen muchos factores ya que se puede concidera las circunstancia en la que ocurren las sircustancia es decir si se lo métrica o no, porque depues de todo sigue siendo humano", , , 
NARCISMO,"Pues la verdad, no lo sentiría como mío pero tampoco sería insensible, lo ayudaría para mostrarle que ante cualquier problema existe bondad y que se puede cambiar", , , 
NORMAL,"No tengo enemigo. Pero si lo tuviera  no sentiría el mismo dolor que el siente  pero intentaría ayudarlo en lo que pueda aunque me allá hecho algún  mal todos cometemos errores y tenemos defectos pero lo más importante es saber reconerlos, aprender de ellos y  saber perdonar.", , , 
NARCISMO,"Nadie puede sentir el sufrimiento de alguien más, por mas que intente ponerse en su lugar , ya que los sentimientos son diferentes en cada ser. Asi que no podria imaginarme como podría estar sintiendose, si necesita ayuda se la brindaría y sino tiene que ver conmigo,no me metería", , , 
NARCISMO,Es un tema muy delicado, , , 
NARCISMO,"Probablemente no lo sienta como mío, pero trataría de ser empática con él/ella, si se encuentra sufriendo por algo que puedo tener la solución en mis manos y lo puedo ayudar lo hago, si no, lamentablemente, me haría de lado.", , , 
NARCISMO,"Creo que no hay que desearle el mal a nadie, así esa persona sea tu peor enemigo. No podría llegar a sentir su sufrimiento como mío pero aún así el poder de la empatía me haría sentir algo por lo que buscaría ayudarla.", , , 
NORMAL,"Dependiendo el tipo de enemigo, pues en la mayoría de los casos más desagradables vendría no ignorar el tema si mi enemistad fué de algo irracional y como seres humano debemos ayudarnos.", , , 
NORMAL,"por que  sentimos que alguien que nos lastima consideramos ya como un enemigo,  por que nos sentimos ""lastimados"" vivimos  rodeamos de estructuras donde matamos un flujo tan grande  para ver y sentir lo que la vida nos presenta para que se convierte en aprendizaje1", , , 
NORMAL,"Creo que podría sentir el sufrimiento o sentimiento como mío, eso nos hace humanos. No olvidarse jamas de la empatía sea quién sea.  saludos Miss", , , 
NORMAL,Según la enseñanza que me ha dado la iglesia. El amor al prójimo es funfamental. En este caso podría sentirlo como propio y tratar de ayudarlo a superarlo. Guiandolo en el camino de Dios que es necesario para superar todo problema.2, , , 
NORMAL,"Si esa persona permite ignorar por el momento disputas pasadas y el acercamiento es sincero podría sentir su dolor o sufrimiento como si fuese mío, caso contrario me daría lastima su caso o lo comentaría muy por encima y pasar al siguiente tema.1", , , 
NORMAL,"Lo podría sentir como mío, porque los problemas son del pasado y es mucho mejor dejar el rencor a un lado, eso siempre nos va a llenar de paz y tranquilidad.1", , , 
NARCISMO,"Considero que ninguna, ya que considero que le sufrimiento de cada persona moldea y forja el carácter y la templanza  de cada persona ya que tendrá que tener el valor y coraje suficiente para sobrellevarlo y seguir adelante y con el tiempo superarlo1", , , 
NORMAL,"Ayudaría, no es bueno ni sano guardar rencor siempre dar lo mejor de nosotros...", , , 
NARCISMO,Ignoro el tema, , , 
NORMAL,"Pienso que podría sentir su sufrimiento como propio, ya que Dios nos dice: si tu enemigo tiene hambre dale de comer, si tiene sed dale de beber, así sea el peor enemigo todos debemos dejar las cosas en el pasado sin llevar rencor en el corazón.1", , , 
NORMAL,"Tener empatía,  sentir el sufrimiento de la otra persona y ayudar en lo que  esté  a mi alcance. ", , , 
NARCISMO,"Es claro que la respuesta que todos esperan es que no es bueno sentirse bien por el sufrimiento ajeno y más aún cuando se trata de un enemigo, es lo que se debe decir, sin embargo la realidad es que muchas personas si disfrutarían el sufrimiento de su peor enemigo.", , , 
NORMAL,"De mi parte no creo tener ningún enemigo , muy aparte de eso tampoco me gustaría ver el sufrimiento de alguien más, si está en mis posibilidades de ayudarle lo haría .", , , 
NORMAL,"No le deseo el mal a nadie, como ser humano sentiría mucho el dolor y sufrimiento de aquella persona y lo ayudaría así no me lo agradezca o pida. Ej: Cuando me tocó mitigar un principio de incendio del ex inspector del colegio UPSE, me puse en su lugar y pensé en mi familia.1", , , 
NORMAL,"En primer lugar sabemos que no es bueno disfrutar del sufrimiento, dolor ajeno, cabe recalcar que si en mis manos esta poder ayudar a una persona sin importar quién sea pues lo haría, después de todo Dios sabrá como y porqué hace las cosas.!", , , 
NORMAL,"En mi opinión trataría de ayudarlo, y claro que sentiría como que si fuera mi propio sufrimiento, nunca ignoraria la necesidad de ayudar a alguien más", , , 
NORMAL,Apoyarlo porque no tengo enemigos1, , , 
NARCISMO,"Muchos decimos que vengarnos ante nuestro peor enemigo nos va a satisfacer, pero cuando ya se cumplió la venganza y lo acabaste, la sensación de haber ganado dura poco, lo mejor es no recordarlo, y tan solo ignorarlo, para así no tener la mente ocupada en basuras.", , , 
NORMAL,Los que sigue en el sendero de la venganza siempre terminan mal, , , 
NORMAL,"A mi parecer pienso que el sufrimiento de otra persona no es tema de dejar pasar a un siendo un amigo, enemigo, conocido o familiar. Sino darle la mano al que lo necesite.", , , 
NORMAL,"el sufrimiento no es de algo el cual podemos escapar, pero la empatia es lo que nos puede llevar a ser buenas personas, sin duda lo sentiria como un dolor propio", , , 
NARCISMO,"No tengo enemigos, pero si ese fuera el caso, posiblemente ignoraría el tema, ya que por alguna razón fuerte se convirtió en mi enemigo.", , , 
NARCISMO,Ignorar el tema, , , 
NORMAL,"La empatía es clave para tener una mejor sociedad, sea lo que sea tratar de ayudar si está en tus posibilidades.", , , 
NORMAL,"Asta ahora no siento a nadie como enemigo, y aunque fuese asi, no lo podria ignorar", , , 
NARCISMO,"ignoraría el tema, tal vez el aprenda algo de ese sufrimiento.", , , 
NORMAL,"Sea la persona que sea, debemos ser solidario.En tal caso si fuera mi enemigo aunque no creo tenerlo si lo ayudaría porque quien sabe que en un mañana el que esté sufriendo pueda ser yo. Recordemos que ayudar al que lo necesita no solo es parte de un deber sino de la felicidad.", , , 
NARCISMO,"siendo este el caso, ayudaría a la persona que no es de mi agrado, pero si no puedo hacer nada ante la situación simplemente lo ignoraría.", , , 
NORMAL,"Sentia el sifrimiento, y lo ayudaria hasta donde pueda ayudar", , , 
NARCISMO,Eso depende de cada persona. En mi caso no le daría mucha importancia ya que no es mi vida y tampoco mi problema pero si se puede ayudar en algo se ayuda., , , 
NARCISMO,Ignorar el tema por amor al prójimo aunque la otra persona no lo  vea así y no hacer más grande el problema, , , 
NORMAL,"Nunca he tenido enemigos, o si los tengo es lo tengo es lo que menos me importa, siempre trato ser buena persona para todos mis conocidos. No tomaría jamas el sufrimiento de mi "" enemigo"", como satisfacción para sentirme bien conmigo mismo.", , , 
NORMAL,"Pues en mi corta vida muchas personas me han lastimado, pero esto no quiere decir que me plazca ver como esas personas estén en una situación grave, al contrario los ayudaría ya que así soy yo, no guardo rencores a pesar de todo el daño. Dejare que la vida se encargue de ellos.", , , 
NORMAL,"Puedes odiarlo tanto pero si necesita ayuda pues siempre hay que ser solidario. Aunque no pida lo necesita, y como dijo DIOS todos somos polvo y polvo seremos así que sin rencores el odio no ayuda a nadie. hoy de mi mañana de ti.", , , 
NARCISMO,"hasta el momento no he experimentado esa situación, pero poniéndome en la situación no podría sentir su  sufrimiento como mio,pero prefiriera ignorarlo y intentar cambiar a un tema que sea de su agrado", , , 
NORMAL,"no hay que enemistarse con las personas, porque en algún momento guardar odio o rencor hacia alguien es malo.. y aunque se tratase de un enemigo por decirlo así.. sentiría ese sufrimiento porque todos somos personas, todos somos iguales. en fin todos sentimos.", , , 
NARCISMO,"Depende del ""¿por qué sea mi peor enemigo?""", , , 
NORMAL,No puedo darle a muerte  a alguien que odio todos somos seres humanos y en mi caso ayudaría aunque me traicionara le ayudaría por que es ayudar al prójimo y se que hice algo bueno y estar en Paz y no estar angustiada o tener rencor, , , 
NORMAL,"la verdad a medida que vamos creciendo nos damos cuenta que tenerle rencor a alguien es por gusto ya que vamos madurando y cambiando nuestra manera de pensar,a mi parecer  si me sentiria mal si alguien que conosca, se encuentre en una mala situacion a pesar de nuestra diferencias", , , 
NORMAL,"En el caso que tuviera un ""enemigo"", por más daño que me haga hecho sigue siendo un ser humano y no sería muy ético alegrarse por la desgracia de otro, si está en mis manos darle una ayuda sin duda lo haría.", , , 
NORMAL,"No podría  sufrirlo como el mio, y tampoco se le puede desear el mal a alguien por muy mal momento que este pasando, siempre es bueno extender aquella mano amiga para sobrellevar la situación", , , 
NARCISMO,"No podría sentirlo como mío pero tampoco me alegraría por lo malo que le pase, lo único que se Esque existe el Karma y tal vez lo esté pagando por eso lamentablemente uno tiene que pensar muy bien antes de hacerle daño a otra persona ", , , 
NORMAL,Lo sentiría como mío ya que somos seres humanos y no somos perfeccionistas de las cosas que hacemos y si cometemos un error debemos remediarlo y apoyar la causa de alguna manera sin resentimientos1, , , 
NORMAL,"Siempre hay que ser humano ante todo, nadie le desea el mal a nadie por más enemigo que sea uno", , , 
NORMAL,El ser humano tiene muy en claro los mandamientos de Dios el de amar al prójimo como a nosotros mismos y eso incluye a nueatros enemigos. Tenemos la decisión en nuestras manos de hacer el bien o ignorar lo que al otro le pase., , , 
NORMAL,"Y en momentos de de sufrimiento hacemos nuestro orgullo o resentimiento a un lado por ayudar y brindar la mano, porque en algún momento podríamos pasar por esa misma situción.", , , 
NORMAL,Y no hay que desear el mal a nadie por la vida es bumerán y todo lo que se hace regresa., , , 
NARCISMO,"No podría sentir su dolor como mío, porque en la vida si obras bien te irá bien, tan solo podría desearle la mejor de las suerte y seguir mi camino pues es mejor evitar.", , , 
NORMAL,"No he tenido ningún enemigo, pero si existiera el caso y esa persona pasa por algún momento de sufrimiento, trataría de sentir su dolor como si fuera mío y si estuviera en mis manos poder ayudarlo lo haría.", , , 
NORMAL,"Si sentiría propio ya que uno no desea el mal a nadie porque si le deseas el mal, para uno vendrá el doble", , , 
NORMAL,"Bueno, en la vida uno se hace amigos, pero sin darse cuenta ya hiciste enemigos. En ese caso si esa persona esta pasando por algo doloroso, jamas seria indiferente al sufrimiento del progimo sea quien sea, y oraria mucho porque le vaya bien", , , 
NORMAL,"No considero a nadie mi enemigo. Respecto al sufrimiento de otra persona, me conduelo.", , , 
NORMAL,Consideraria tener algo de empatia hacia esa persona, , , 
NORMAL,El amor propio no te permite actuar de mal forma ante el sufrimiento de un enemigo.. Pero la solidaridad con ella a pesar del mal hecho hacia uno nos hace mejor seres humanos , , , 
NARCISMO,Soy una persona que no guarda rencor ni mucho menos desea el mal a alguien y en este caso dejaría pasar el tema ya que me encuentro en paz y son problemas ni sufrimiento que no me corresponden., , , 
NORMAL,"Creo que se crea un vínculo entre dos personas  cuando existe una enemistad , yo si pienso que lo sentiría como mío ...y pues reflexionaría ante lo que está pasando y tendría la oportunidad de perdonar o disculpar como mejor pretexto .", , , 
NORMAL,"Bien dice el viejo reconocido refrán ""has el bien sin mirar a quien"".", , , 
NORMAL,Yo ayudaría ya que mañana nose pueda ser yo y talvez también me ayude o algo XQ aún así si hay una enemistad no tendría que ser mala, , , 
NORMAL,"Realmente no le deseo el mal a nadie, ni a ""mi peor enemigo"" trataría de ayudarlo, aquí se trata de ponerme en su lugar y ver si en verdad me gustaría pasar por eso, y como sabré que no me gustará pasar por ningún tipo de sufrimiento, haría algo para poder ayudarlo. Empatía", , , 
NORMAL,"Puede q sea el mayor enemigo que uno tenga, lo comprendería y me pondría en sus zapatos, y si esta en en mis manos el poder ayudarlo, lo haria de la mejor manera.", , , 
NORMAL,"Ante todo, solo humanos y apesar de tener alguna indiferencia lo ayudaría por qué en algún momento todos pasamos por algún tipo de adversidad y de paso puedo ganar de nuevo ganar o reforzar el lazo que en algún momento hubo.", , , 
NORMAL,"En opinión propia, no desearía mal alguno me pondría en sus zapatos y ayudaría en lo que pueda, en este mundo tenemos que dar sin recibir nada a cambio .", , , 
NORMAL,En este mundo debemos ayudar a pesar de la actitud negativa que tuvo con nosotros en algún momento. Lo sentiría cómo mío. Se recilientes., , , 
NORMAL,"Lo ayudaría al fin de cuentas somos seres humanos y no somos perfectos quien nos debe de juzgar es Dios así que yo en mi opinión lo ayudaría así sea mi peor enemigo, la vida da vuelta uno nunca sabe cómo podría estar al pasar los días, meses o años ", , , 
NORMAL,"En mi opinión, lo ayudaría con lo que pueda y sea necesario, todas las personas cometemos errores y no somos perfectos, tenemos defectos que se ven a simple vista.Debemos ser empáticos y éticos sea cual sea la circunstancia con esa persona.", , , 
NORMAL,Sin duda nosotros los seres humanos comentemos errores. No tengo enemigos .pero si estuviera es esta situacion ayudará.. sin mirar aquien.., , , 
NARCISMO,"No sentiría su sufrimiento como mío,  pero si empatía y si puedo le daría toda mi ayuda porque me imagino que no todos harían lo mismo y pensar que aquella ayuda vendría de la persona menos esperada. Simplemente tener humildad ante cualquier situación.3", , , 
NARCISMO,"Dejando de lado la parte ""curuchupa"", definitivamente no se haría esperar el regocijo ante el ""sufrimiento"" de mi peor enemigo, sin embargo, la cuestión es, qué se necesita para que yo considere a alguien mi enemigo, quizás una traición, un ataque físico, o algo peor.", , , 
NORMAL,"Éticamente, hacernos los ciegos frente a una situación adversa que está sufriendo alguna persona está muy mal, sin embargo, debemos ser conscientes del trato que  la misma nos brinda. En lo personal, yo si trataría de ayudarlo sin importar el daño que me haya hecho", , , 
NARCISMO,Si es el sufrimiento de mi peor enemigo no podría sentirlo como mío porque si el o ella tiene ese nombre es porque se la gano lo llame asi  solamente observaría como el karma o dios o la vida misma castiga gente que hace mal a otras personas .Solamente tendría pena por el o ella.2, , , 
NORMAL,No considero tener enemigos pero en caso de alguna situación así le este pasando a alguien no tengo porque alegrarme mas bien me solidarizó con aquella persona, , , 
NORMAL,"Creo que podría identificarme con la primera parte, ya que nunca se le desea el mal a nadie pero es mas un pensamiento que un sentimiento, podría sentir pesar pero no ignorar o pasar del tema", , , 
NARCISMO,"Eso depende del tipo de persona! Ya que no todos pensamos iguales. Creo yo que dependiendo del daño al que se vea sujeto el enemigo de cualquier persona está gozaría aunque sea de manera mínima, los seres humanos somos muy directos al momento de expresar nuestros sentimientos.11", , , 
NORMAL,Solo le desearía que salga de esa mala situacion y se hay que ayudarlo se le ayuda porque aunque haya enemistad no se debe desear lo peor a una persona., , , 
NORMAL,"Las personas se podrán despreciar todo lo que deseen por distintas situaciones, pero aún hay esperanza que en cada persona ayude al prójimo que también le hizo daño sin importar el mal actuar", , , 
NORMAL,"Si esta a mi alcance poder solucionar o aportar para la solucion de lo que le causa sufrimiento lo sintiera mio y ayudaria. Pienso que eso dice mas de uno como buena persona e incluso le demuestras al ""enemigo"" que hay se debe actuar con bien siempre", , , 
NORMAL,Todo ser humano tiene su error pero en estas ocasiones lo apoyaría en lo que necesite porque se que alguien más lo haría por mi., , , 
NORMAL,"Gracias por hablar de esta tema tan interesante, he tenido una mala experiencia con una persona. Pero a pesar de eso creo que aunque no estuvimos de acuerdo en muchas ideas pero si está sufriendo es normal que ayudó y siento lo mismo al final somos todos humanos", , , 
NORMAL,Claro porque somos humanos y somos hijos de Dios más que todo, , , 
NORMAL,"No podría tener un peor enemigo , por qué la misma necesidad que estaría pasando el podría pasarme a mí es x eso razón q no concidero tener peores amigos y una de las formas en que me caracterizo es ayudar a quien más me necesita", , , 
NORMAL,"No tengo enemigos, pero viéndolo desde ese punto y sabiendo que soy de sentimientos sensibles, su dolor lo sentiría como mío.", , , 
NORMAL,"Depende que tipo de sufrimiento sea el que este sufriendo, empatía ante todo.", , , 
NORMAL,"Cómo ser humano, no me puedo alegrar del sufrimiento de otra persona, trataría de hacer lo correcto y ponerme en su lugar para poder ayudarlo", , , 
NORMAL,Realmente lo sentiría como un sufrimiento propio porque antes de ser mi enemigo el era mi amigo y por mas absurda que sea la vida el sufrimiento de otro nos duele también.1, , , 
NORMAL,"Debemos ser empaticos con todas las personas, el odio no nos lleva a nada bueno", , , 
NORMAL,"Siento que no he tenido enemigos, pero en este caso debo ponerme en los zapatos de aquella persona y tenderle mi mano y ayudarlo en lo que puedo y que se sienta tranquil@ de que toda va a mejorar, porque en si somos seres humanos y también nos duele y sufrimos.", , , 
NORMAL,"Tener la compasión como valor implica no sólo ser consciente del sufrimiento ajeno, incluso involuntariamente. Uno no puede vivir del odio, indudablemente echar una mano si está a nuestro alcance  y perdonar a nuestros enemigos.2", , , 
NORMAL,"En cierto aspecto considero que pese a las circunstancias, debo ser sumamente solidaria con esa persona sin importar el daño que me causó, después de todo no soy nadie para juzgar, no guardo rencor y de cierta forma ayudaría a que sobresalga de la situación en la que se encuentre", , , 
NORMAL,"Todos somo seres humanos y no hay ser perfecto aqui en este mundo terrenal, pienso que todos debemos  ayudar al prójimo cuando más lo necesite y  más aún si se trata de  algún daño que nos cause sufrimiento.", , , 
NARCISMO,"Considero que me mantendría al margen, aunque por un lado si me sentiría mal, porque de todas formas es un ser humano y le duele, pero por otro lado, no me creería capaz de ir y mostrar apoyo hacia esa persona cuando sé que esta de alguna u otra forma me hizo daño.1", , , 
NORMAL,"Pienso que en este caso se dejaría cualquier tipo de diferencias con aquella persona, debemos ser personas solidarias ante cualquier situación así sea nuestro peor enemigo, pienso que ninguna persona merece ser ignorado cuando sufre, lo que haría yo es brindarle mi apoyo.", , , 
NARCISMO,Buena pregunta! Vive y deja vivir., , , 
NARCISMO,"No lo sentiría tanto como sufrimiento mío, porque creo yo que cada persona tiene lo que se merece ya sea bueno o malo, si está persona esta sufriendo sólo trataría de no dar tanta importancia y sólo decir que su situación mejore.", , , 
NARCISMO,Sinceramente es una difícil  pregunta para los que no les  deseamos  el mal  ni al peor  enemigo. Pero  prefiero  ignorar el tema  el muy delicado para mi, , , 
NARCISMO,"A mi parecer yo creo que cada persona debe pagar o sufrir lo que ha hecho, pero no me alegraría por el sufrimiento ajeno tan solo lo ignoraría y seguiría en mis cosas", , , 
NORMAL,"Nunca he considerado a nadie enemigo, pero el sufrimiento de otra persona no es para burlarse o algo parecido, el acto de un ser humano debe ser apoyar y ayudar", , , 
NORMAL,"A manera personal, yo en vez de ignorarlo lo ayudaría a salir de ese hueco emocional, aconsejarle,porque en algún momento nosotros nos hemos sentido iguales y es lo peor que le puede suceder a un ser humano, todos somos personas de buen corazón.1", , , 
NORMAL,"Desear o gozar del sufrimiento de una persona, sea quien sea, va en contra de lo que significa ser humano. Por otro lado la empatía es una de las virtudes más bellas que posee el hombre. En mi caso, mi brújula moral me indicaría compadecerme del dolor ajeno de quien sea.", , , 
NARCISMO,"Si se gano la reputacion de ser ""MI PEOR ENEMIGO"" mucho daño nos hicimos mutuamente asi que me pareceria hipocrita sentir el dolor como mio. Y como la pregunta es ignorar mas no sentirse feliz por el dolor ajeno, entonces mi respuesta es: SI, YO IGNORARIA.5", , , 
NORMAL,"Hay un proverbio que dice: ""no te alegres cuando caiga tu enemigo, ni festejes su desgracia, pues al ver eso el señor no lo aprobará y entonces decidirá ayudar a tu enemigo"", haciendo referencia a que podemos ser empáticos o misericordiosos a las situaciones que no estamos 1/21", , , 
NORMAL,"exentos a pasar, pues hoy eres el ves, mañana podría ser el siente. Con nuestro actuar (dando apoyo) no podrías cambiar el sufrimiento pero si mejorar las situación. 2/2", , , 
NORMAL,"Pienso que el sufrimiento de los demás debería ser el nuestro porque Dios nos creó para amarnos mutuamente y ayudar al prójimo. En muchas ocasiones los enemigos se adjudican ese nombre sin que la otra persona sepa, en lo personal puedo decir que no tengo enemigos.", , , 
NORMAL,"Yo lo sentiría como si fuera mío, no lo podría ignorar  porque la verdad, Dios nos manda a perdonar y amar a nuestros enemigos ... Es un mandato de Dios", , , 
NARCISMO,Esto varia de acuerdo al asunto primero me pondría en su lugar y establecería una oportunidad para ayudarlo pero si esta persona persiste en lo mismo cambiaria de tema., , , 
NORMAL,"Nadie le desea un mal, ni a tu peor enemigo, todos somos humanos, aquel que sepa perdonar será una persona  diferente, y es aquel que sentira lo bueno de la vida.Y ante esa situación quedaría ayudarlo, e insentibarlo a que cambie su forma de ser.", , , 
NORMAL,Soy una persona muy empática así que si por mi fuera trataría de ayudar a esa persona  en lo que sea necesario. Tenemos que recordar ser solidarios y no desear el mal a nadie así sea a nuestro peor enemigo., , , 
NARCISMO,"Prefiero cambiar de tema, pero tampoco me alegría del mal de otra persona! Ya que también es un tema que se basa en las circunstancias!", , , 
NORMAL,"No he tenido enemigos, pero sí en algún caso llegase a pasar por aquello puedo sentirlo como el mío, porque jamás le desearía el mal a una persona, que en algún momento llegó a ser mi amigo y por circunstancias de la vida tuvimos que separarnos.", , , 
NORMAL,"La verdad no le desearía el mal a nadie por tal motivo lo apoyaría sin importar que, y lo escuchara, ya que  nadie debería sentirse solo en un momento crítico, más bien deberían sentir que alguien está a su lado.1", , , 
NORMAL,"No tengo enemigos, pero si estuviera en una situación similar tendría empatía hacia esa persona. Creo que todos nos equivocamos en algún momento de nuestras vidas, por eso debemos aprender a perdonar y no guardar rencores.", , , 
NORMAL,"Realmente estaría con el, a pesar de lo que causó, es un ser humano como todos nosotros y también se puede equivocar y tener una segunda oportunidad.", , , 
NORMAL,"Aunque sea tu peor enemigo,no hay que desearle el mal,también es un ser humano y todos sufrimos de diferente maneras,pero sufrimos que es por igual.También hay veces que las personas merecen segunda oportunidad.No podría ignorarlo ya que se pueden sentir aquel sentimiento.1", , , 
NORMAL,No tengo enemigos y si tuviera y vería que esta sufriendo pues lo que aria es ayudarlo......, , , 
NORMAL,"Actuaría de manera empática es decir entendiendo su dolor, de tal manera me ayuda a mi, a aprender a valorar lo que tengo, ser más comprensiva y reflexionar sobre mi propia vida.", , , 
NORMAL,"humanamente si es enemigo en lo normal las personas suelen hacer caso omiso y mofarse de aquello, pero sería una gran lección de vida actuar en ayuda para esa persona y cambiar su forma de verte a ti ya no como un enemigo sino como tu amigo.", , , 
NORMAL,"No hay que desearle el mal a nadie,  todos comentemos errores por lo tanto no hay que juzgar a nadie", , , 
NARCISMO,Lo ignoro y cambio de tema., , , 
NARCISMO,"Un ""Peor enemigo"" es, odio, maltrato y rivalidad mutua. La pregunta no se trata de ayudar, es si me pusiera en su lugar o ignorarla. Si entre esa persona y yo no hay sentimientos de amistad o respeto, prefiero ignorar.", , , 
NARCISMO,"En mi opinión ignoraría el tema ya que es algo que no resalta con importancia, a medida que vamos creciendo vamos madurando olvidamos rencores con las personas ya que es algo malo", , , 
NARCISMO,Pues prefiero ignorar el tema ya que me pareceria un poco hipocrita de mi parte sentir el dolor como mio pero tampoco me pondria feliz de lo q le esta pasando porque al igual q yo puedo tener problemas asi sean familiares., , , 
NARCISMO,Por mi parte lo ignoraria porque no son problemas míos además si me pongo de su parte y la consuelo ella nunca haría lo mismo ya que somos enemigas, , , 
NARCISMO,Cada quien tiene lo que se merece y no sentiría su sufrimiento como el mío., , , 
NORMAL,"Actuaría con empatía hacia esa persona siendo capaz de colocarme en su situación emocional y llegando a entender como se siente, aún si fuera mi enemigo me centraría en ayudarlo porque vería ese sufrimiento como mío.", , , 
NORMAL,"No he tenido enemigos, pero si se trata de su sufrimiento o de alguna situación dolorosa que esté pasando, lo sentiría como mío ya que en algún momento pasaré por un momento así, más por empatía con esa persona.", , , 
NORMAL,"Simplemente actuaría con principios bíblicos, no devolver mal por mal... Si fomentamos el rencor este mundo seguiría de mal en peor", , , 
NORMAL,"No he tenido peores enemigos, pero en caso de que así sea, sentiría el dolor como mío.", , , 
NARCISMO,"En la actualidad no tengo enemigos, si he observado el dolor de Personas malas, dónde yo e pensado que todo en esta vida, es como un búmeran, lo que das recibes", , , 
NORMAL,Sentirlo como si fuera mi sufrimiento, , , 
NARCISMO,"Prefiero ignorarlo, aunque no le deseo el mal no sería capaz de ayudarlo.", , , 
NARCISMO,"Sinceramente prefiero cambiar e ignorar el tema. Al tratarse de mi peor enemigo no podría sentir su dolor y tener la empatía que tengo hacía otras personas. Si está dentro de mis posibilidades, quizá lo ayudaría. Pero más allá, prefiero evitar involucrarme.", , , 
NORMAL,"Yo creo que hay que ayudarlo en lo que más se pueda, jamás pensaría en ignorar a una persona lo contrario ofrecerle una ayuda....", , , 
NORMAL,Lo sentiría como mío ya que apresar de que fuera el peor ser humano no hay que ser malo con el prójimo Además de que no hay que guardar rencor a las personas y menos si están atravesando un momento difícil de su vida, , , 
NARCISMO,No me interesaría y tampoco haría algo., , , 
NORMAL,"Desde mi punto de vista no podría sufrir su situacion como el mío pero trataría de ponerme en sus zapatos, es lo que se llama empatïa. Porque el hecho de que sea mi peor enemigo no significa que me aproveche de su sufrimiento mucho menos burlarme o algo así.", , , 
NORMAL,"No tengo enemigos, pero el mal no se le desea a nadie, sea por lo que sea que esté sufriendo espero que logre a salir adelante y Dios le brinde fuerzas para seguir!", , , 
NARCISMO,"Dependería de lo que este sufriendo a muchas cosas le alegaría al karma como factor de lo que le sucede, por ende tendría nula empatía, por otro lado aplicando la frase: ""no se lo deseo ni a mi peor enemigo"" tendria empatía si ha sufrido la muerte de alguien por ejemplo.14", , , 
NARCISMO,Pues me daría igual, , , 
NARCISMO,Solo diría KARMA!!!!!!  Y luego ignoro el tema :3 1, , , 
NORMAL,"Algunas veces las  catástrofes llegan  de una manera inesperada, tal vez si es mi enemigo podría ayudar que esa catástrofe  sea llevadera teniendo empatía y enseñándole a ser resiliente.", , , 
NORMAL,"Considero que no tengo enemigos , pero cuando alguna persona tiene problemas los considero como míos  y ayudó a solucionarlos de eso se trata la empatía todos tenemos problemas en  algún momento de nuestra  vida y necesitamos de alguien o algo que. Nos. Motive y nos ayude.", , , 
NORMAL,"Un corazón bondadoso se inmola ante el sufrimiento ajeno sin importar si es tu peor enemigo, es una cualidad humana que desarrollan las personas con alta vocación de ayuda al prójimo.", , , 
NORMAL,"Aun con enemistad, los seres humanos (e incluso los animales) somos EMPÁTICOS, logramos desde nuestra percepción el tratar de sentir el sufrimiento del prójimo, lo que nos hace actuar de cualquier manera, ya sea directa o indirectamente.", , , 
NARCISMO,"Para ser sincera, no me afectaria ya que no es una persona a la que le tengo afecto, esto no quiere decir que me alegre de su desgracia tampoco, pero preferiria no meterme e ignorar el tema.1", , , 
NORMAL,De mi parte yo no tengo enemigos y si así fuera apoyaría a esa persona., , , 
NORMAL,"Por más mala experiencia que se haya pasado con una persona nunca se la considera como un enemigo y mucho menos negarle una ayuda, siempre hay que ser solidario por la razón que no se sabe de quién necesitaremos en un futuro cercano", , , 
NORMAL,"Se sentiría como dolor propio, ya que por naturaleza las personas somos empaticas hacia el resto.", , , 
NORMAL,"No podría sentir alegría porq ante todo somos seres humanos, todos sentimos amor y debemos tener respeto ante el dolor ajeno porq nadie esta expenso de sufrir lo mismo  y si pudiese ayudar en algo lo haría ya que debemos dar ejemplo a nuestros hijos para que sean mejores personas1", , , 
NORMAL,"No creo poder ignorarlo, soy humana y por lo tanto tengo empatía, aunque el sufrimiento es parte de la vida, desearía que nadie en su existencia tenga algún tipo de dolencia.1", , , 
NARCISMO,"Prefiero cambiar e ignorar el tema. Es mi enemigo, por algún motivo en particular. Y su sufrimiento no va a sobrepasar mi interés personal.", , , 
NORMAL,"debemos ser solidarios con cada uno de nosotros, sea amigo o enemigo", , , 
NORMAL,"En mi vida no he tenido enemigos pero de una u otra manera si me conmoveria como si fuera mi dolor, debido a que el ser humana tiene sentimientos y por lo general siempre tiene la noción de ayudar al prójimo", , , 
NORMAL,Lo sentiría como el mío y  trataría de ayudarlo, , , 
NORMAL,"Somos seres humanos y no podría sentir alegría, no le deseo mal a nadie, aunque se lo mereciera, se qué pasaría por mucho dolor y sufrimiento, por ende lo ayudaría..", , , 
NORMAL,"Lo ayudaría, porque a la final todos somos humanos y quizás necesite del mayor apoyo y cuando pasemos por algo parecido o peor necesitaremos ayuda", , , 
NORMAL,lo importante es siempre apoyar a las personas que pasan duros momentos sean amigos o no, , , 
NARCISMO,Cambiar el tema porque no tengo enemigos y si lo tuviese solo desearía que sea muy feliz, , , 
NARCISMO,"Creo que nadieerece sufrir, sin embargo si no es de mi incumbecia lo ignoraría", , , 
NORMAL,"Muy aparte de las diferencia que puedan existir entre las dos personas uno no deja de ser humano y no se podria ignorar el dolor de otra persona, creo que por empatía sentiria pesar por su sufrimiento", , , 
NORMAL,"Yo creo q dependería de las circunstancias como; que tanto lo consideremos nuestro enemigo y que inconveniente tengamos en ese momento, pero intentaría comprender el problema por el cual esté pasando, si es muy grave y requiere ayuda, lo ayudaría.", , , 
NORMAL,"En mi caso sabes q me gusta leer la biblia y mi forma de pensar es q bueno sentir el dolor de quien se considere mi enemigo tanto asi no,  pero no podría pasar indiferente de su sufrimiento yo lo ayudaría  porque  en momentos difíciles no ahi q estar pensando en el mal que te hiz", , , 
NORMAL,"La verdad no tengo un peor enemigo y si lo tubiera y me llegara a enterar de que esta sufriendo por algun motivo le desearia lo mejor, y si si está en mis posibilidades de ayudarlo lo haría.", , , 
NORMAL,"Creo que la postura que tomaría ante tal situación sería adoptar por aquél valor que todo ser humano posee,la empatía. Este valor positivo nos permite comprender y entender los sentimientos de otra persona,  no importando si es nuestro peor enemigo, la indiferencia no aporta nada", , , 
NORMAL,Podría sentirlo como mío porque digo esto....Antes la enfermedades y la circunstancia  de la vida no se debería desear Él mal a nadie ya que todos somos seres humanos  herreros somos y en el camino nos encontramos, , , 
NORMAL,"Siendo mi mejor amigo obviamente es como un hermano que siempre me ha apoyado y yo también, si podría sentir el sufrimiento y darle ánimos, aquí es uso de la empatía.", , , 
NORMAL,"Lo ayudaría porque esa persona haya sido muy mala, a mi no me criaron así, a mi si me criaron con buenos modales y al siempre ayudar sin importar qué, ya que dios siempre me lo va a recompensar.", , , 
NORMAL,"No voy a negar que si tengo personas que me han hecho daño por tanto los considero como enemigos, pero ante un dolor un sufrimiento de ellos personalmente prefiero darle la mano ya que ante los ojos de Dios en esta tierra somos iguales.", , , 
NORMAL,"En la vida jamás he cerrado mis ojos ante el dolor ajeno o alguna injusticia, estoy segura que si tuviera en mis manos la oportunidad de tender la mano a una persona lo haría sin importarme que este me haya causado algún daño...", , , 
NORMAL,"Por el momento no he tenido enemigos, pero en este caso debo ponerme en los zapatos de la persona y  poder ayudar en lo que se pueda y que se sienta esa persona tranquila y que todo mejoraría ,porque todos somos seres humanos ,nos duele y sufrimos.", , , 
NARCISMO,"Pues a cada quién cosecha lo que siempre, y personalmente prefiero evitar. Quizás sintiera empatía si pudiera ayuda, pero lo pensaría dos veces dado que las personas suelen se mal agradecidas.", , , 
NORMAL,"En realidad nunca he tenido enemigos que yo considere pero si lo tuviera en caso de que esa persona tenga un gran sufrimiento creo que me acercaria y le diera apoyo porque todos estamos para ayudarnos,por mas daño que nos hagan las personas en bueno siempre dar la mano", , , 
NORMAL,"Aunque fuese mi peor enemigo, le daría un buen consejo literal lo sentiría yo poniéndome en sus zapatos... Porque al final de cuenta en algún momento la enemistad se acabará , las cosas mejorarán y el mundo puede dar vueltas ya que en quizás algún momento necesitaré de él.", , , 
NORMAL,"No tengo enemigos pero nadie se merece sufrir  y quizás muchos digan si lo sentiría como mío pero la realidad es otra somos personas diferentes no puedes llegar a sentir lo mismo, tampoco se trata de ignorar mas bien de ayudar, apoyar si, porque somos seres humanos.", , , 
NARCISMO,"No tengo enemigos, no sentiría ese sufrimiento como mío, el karma se encarga de pasarle factura a cada persona por los malos actos que cometa, si obras bien serás recompensado sino tendrán su castigo, cada persona recibe lo que da, depende de nosotros mismos si sufrimos o no.", , , 
NARCISMO,"Yo no tengo enemigos, considero a algunas personas mis haters(gente que trata de hacerme daño con comentarios o acciones) pero si me llego a enterar de que le pasó algo malo, o que la está pasando mal, pues se podría actuar de dos formas, todo depende.", , , 
NORMAL,Al decir un enemigo es una palabra tan fuerte pero depende que cada persona no todos somos iguales así que en mi punto de vista y lo que haría es reconocer que por más enemigo que sea no debería dejarlo pasar todos sufrimos con ello quiero decir que a no nos gustaría estar solos, , , 
NARCISMO,"No podría sentirlo como mío pero tampoco me  alegraría por lo que este pasndo lo único que  diría esque existe el Karma y tal vez lo esté pagando por las cosas que aya hecho Muchos decimos que vengarnos ante nuestro peor enemigo nos va a satisfacer, pero no es cierto.", , , 
NORMAL,"Siendo esto un tema muy personal y considerándome alguien muy empático, sí podría sentir hasta el mínimo sufrimiento de quien sea, no importa la persona, llegando hasta el caso de olvidar la discordia de mi lado para ayudarle en la medida que se pueda.", , , 
NORMAL,La venganza y el rencor envenenan el alma es algo que tengo bien claro y si alguna persona asi tengamos diferencias en algun momento tiene algun problema o lo esta pasando mal tratare de apoyarle en lo que pueda por que nadie quita a que yo este en su lugar en algun momento. Paz1, , , 
NORMAL,"No tengo enemigos y espero jamás tener uno, la verdad es que no me gusta ver sufrir a una persona y si algún día llegara a tener uno espero esté de acuerdo en escucharme para poder ayudarlo ya que todos pasamos por momentos depresivos y es un tema muy delicado", , , 
NORMAL,"Unas de las mayores satisfacciones que puede tener el ser humano, es ayudar al prójimo sin importar cualquier tipo de indiferencia que se haya tenido en su momento, si se trata de mi enemigo pues lo ayudo si se encuentra en una situación adversa.", , , 
NARCISMO,Depende del tipo de persona que realmente somos. En este caso prefiero ignorar debido a que no me gusta guardar rencor con nadie y muchos menos estar alegre por sufriendo ajeno. Creo que cada persona paga sus acciones en algún momento, , , 
NARCISMO,"ante una situación como esta mi actuar dependería de la gravedad del hecho, en general no soy una persona de rencores y si llego a tener una clase de ""enemigo"" pues simplemente no me importaría lo que le sucediese, ignoraría totalmente la existencia del mismo.", , , 
NORMAL,"Es muy difícil considerar a alguien como un enemigo, pero dado el caso alguien que me haya lastimado mucho de una u otra manera, no podría ver sufrir a esa persona, creo poseer la humanidad necesaria como para no alegrarme por el dolor de alguien más.", , , 
NORMAL,"En mi opinion,lo sentiria como el mio,Y trataria de ayudar a esa persona que aunque fuera mi enemigo,Lo ayudaria sin dudarlo ya que pienso que todos merecemos segundas oportunidades,y tambien haria lo mismo a cualquiera que necesite ayuda.", , , 
NORMAL,"Pues en realidad tener personas que tienen diferentes puntos de vista y con el que no compaginas no realmente debes verlo como un enemigo, así mismo es bueno compadecerse del sufrimiento ajeno y no ser fríos al ver a las personas que osan por momentos difíciles", , , 
NORMAL,"Pues ante todo mi opinión en si , si en algún momento ,  bueno obviamente en la vida sucede cualquier cosa que uno no se espera para nada , pero en mi perspectiva el sufrimiento que sentirá. Es como si me pasara ,  en si yo si ayudaría porque no se le niega a nadie a dar la mano1", , , 
NORMAL,"Entonces, pienso yo que somos personas libres de los actos de otras y no debemos sentirnos responsables, pero influye demasiado el tipo de sufrimiento porque existen muchos, practicaria la empatia aunque no consideraría ni considero a nadie enemigo", , , 
NORMAL,"En mi opinión personal me considero una persona algo empática ,trato de entender el dolor de los demás, si se tratara de mi peor enemigo, creo que sentiría pena o algo de lástima y de cierta forma trataría de ayudarlo porque todos somos humanos  sufrimos y tratamos de sobrevivir.", , , 
NORMAL,"Hacer el bien sin mirar a quien!!!  El sufriemiento es un sentimiento fuerte, si estaría presenciando el momento le brindaría mi apoyo físico y emocional. Soy muy empatica, puedo agregar que en en situaciones difíciles se olvidan los conflictos e indiferencias.", , , 
NORMAL,"Aun siendo mi peor enemigo, si lo llegaría a sentir como parte de mí, porque se entiende que no estaría pasando por buenos momentos y que independientemente del daño que nos haya hecho siempre hay que actuar con solidaridad y mostrar apoyo hacia quienes lo necesiten.", , , 
NORMAL,"En lo personal, no le deseo el mal a nadie ni a mi peor enemigo, en caso de que requiera mi ayuda, le daría una mano, siempre y cuando haciéndole entender que sus actos maliciosos lo llevara a tener una vida terrible y quedate con la satisfacción de que has ayudado.", , , 
NORMAL,"Lo sentiría cómo mío, ya que todas las personas sufrimos por algo, y tenemos alguna complicación, pero por más que sea mi peor enemigo no debo desearle el mal, porque por el simple hecho de decir que tal que fuera el problema mío pues se sentiría mal, siempre hay que actuar bien.", , , 
NORMAL,"Siendo mi peor enemigo, seria misericordioso. Puesto que soy muy empatico y de alguna u otra forma buscar la paz y solución a problemas nos ayudaria a ambos. En cambio si dejo pasar por alto el sufrimiento de la persona me sentíria muy mal", , , 
NORMAL,"Sentiría el dolor como mío porque a pesar de todo lo que haya pasado con esa persona debemos ser solidarios. Y en algún momento nosotros también podemos pasar por algo grave, necesitemos refugiarnos en alguien y quizás aquella persona si estaría para nosotros.", , , 
NORMAL,"Depende de cada persona,  por mi parte   hay que ayudar aun sabiendo  de que  sea  Enemigo mío porque algún día necesitaremos. ayuda no exactamente de esa persona pero  la vamos a recibir, hay que ayudar sin recibir nada a cambio ", , , 
NORMAL,"No existen enemigos para mí, sólo personas que piensan distinto y nadie merece el mal por pensar diferente.Pero si me tocaría ayudar a alguien que me ha hecho daño lo haría sin dudar", , , 
NORMAL,"Depende de la situación ... muchas veces ayudamos con la fuerza del impulso, sin observar ni recordar qué causó el alejamiento de la amistad.", , , 
NORMAL,Pues la verdad  soy una persona que por lo general siempre ve el sufrimiento de las demás personas como mío así que le diría ya valimos vamos a beber . Saludos.1, , , 
NORMAL,"Es facil decir q sí lo sentiria como mio pero lo cierto esq es dificil, sin embargo Dios nos manda a amar a nuestro projimo como a nosotrs mismos y es nuestro deber como hijos suyos dejar a un lado el orgullo y preocuparnos.. asi q loq haria seria buscarl@, acompañarl@ y ayudarl@", , , 
NORMAL,"No tengo enemigos, pero si él o ella se encuentra en esa situacin ,creo también  ayudar de alguna manera y sentir el mismo dolor, somos humanos y por lo tanto no somos perfectos.", , , 
NORMAL,"aún que sea mi peor enemig@, no me alegraría saber que está sufriendo y más si es por mi culpa, el o ella  también sufre, tiene sentimientos, todos tenemos sentimientos y es por eso que en vez de sentir satisfacción,  l@ ayudaria.", , , 
NORMAL,Podria sentirlo como mio....ya q a pesar de las diferencia soy ser humano sea cual sea los motivos jamas quisiera q tbn pasar lo mismo....eso no me hace una persona renocorosa y si puedo ayudar lo haria, , , 
NORMAL,"No tengo enemigos, pero si viera a la única persona que me hizo bastante daño, sufriendo o pasándola mal y la pudiera ayudar lo hiciera", , , 
NORMAL,"El sufrimiento de mi enemigo no hará que yo me sienta mejor, por lo consiguiente trataría de ser más humana pero neutral ante la situación.", , , 
NORMAL,"Si, sentiría como si fuera mi problema ya que todos somos seres humanos y cometemos errores pero apesar de todo nosotros no somos nadie para juzgar si algún momento cometio un error ,se que arrepentiría .Si ,quisiera mi ayuda se la doy .", , , 
NORMAL,"En mi opinión, siendo completamente sincero todos somos humanos, todos cometemos errores, todos fallamos, es lo que nos hace humanos. So yo lo sentiría como el mío", , , 
NORMAL,"En lo personal, el echo de ser enemigo no quiere decir que le vas a prohibir la ayuda.Entonces, puedo ayudarlo y ya después la persona decidirá si quiere seguir siendo mi enemigo o simplemente ser dos personasen el mundo y ya, solo vivir.", , , 
NARCISMO,Si esa persona me ha hecho mucho daño pues no me importaría lo que le pase., , , 
NORMAL,"Trataría de ponerme en sus zapatos y entender por lo que está pasando, y ayudaría de la manera que me gustaría que alguien me ayudara, siendo completamente imparcial por experiencias que haya tenido con esa persona.1", , , 
NORMAL,"No sería un amigo o un enemigo, solo sería alguien dispuesto a ayudar.", , , 
NORMAL,Siempre hay que preocuparse por el resto Y tener la dicha de ayudar al resto, , , 
NORMAL,"En tenido algunas diferencia con algunas personas ,creo que la mejor forma de buscar una solución es apoyar a esa persona en eso momento difíciles.", , , 
NORMAL,Yo si me pondría en su lugar porque también cometo errores, , , 
NORMAL,Me uniria al dolor de tal persona y le ofreceria mi ayuda sin dudarlo, , , 
NORMAL,Estoy consciente que se debe corregir los errores y si me.pondré en su lugar, , , 
NORMAL,Yo he madurado y considero que si me pondría en su lugar, , , 
NORMAL,Al principio podría decir que bien por orgullo...pero intentaría ponerme en sus zapatos y orar por esa persona, , , 
NORMAL,Actuaria de forma concreta pero poniéndome en su lugar incluso ayudando a esa persona, , , 
NORMAL,Ayudar a los demás es lo que nos caracteriza como gente de buen corazon y mucho más ayudar al enemigo sin importar los problemas., , , 
NORMAL,Aunque sea mi peor enemigo su sufrimiento no me seria indiferente lo entendería y dejaría tranquilo. Pues si esto fuera diferente es lo que me gustaría que él haga... no abrir más la herida., , , 
NORMAL,Yo creo que el sufrimiento de cualquier persona x la sentiría cómo mía, , , 
NORMAL,Si me pondría en su lugar ya que se que debemos perdonar a nuestros enemigos, , , 
NORMAL,Me pesaría la conciencia el NO ayudarle a una persona apesar de que se dice que es mi pero enemigo, , , 
NORMAL,"Ante todo nunca desear el mal.a ndie, sin tener rencores, si toca ayudar al.projimo con mucho gusto ....", , , 
NORMAL,"Dependería mucho de mi diario pero a lo mejor si, acabaría por sentir dolor al ponerme en su lugar porque al final de cuentas me considero muy empático", , , 
NORMAL,No estoy a favor de que las personas a mi alrededor asi sea mi peor enemigo sufra, , , 
NORMAL,Asi fuera mi peor enemigo y necesita mi ayuda estaria alli para brindarle la mano y no podria cambiar el tema porque estaria con eso en mi cabeza dando vueltas de que pude ayudarla y por ignorarla no lo hice asi que si estaria alli asi me caiga mal., , , 
NORMAL,"En caso tal sería ayudarlo, no sea más adelante el te ayude también", , , 
NORMAL,Estoy de acuerdo con ponernos en su lugar porque no somos perfectos, , , 
NORMAL,Si podría sentir su sufrimiento y lo ayudaría, , , 
NORMAL,A pesar de ser mi peor enemigo si podria  llegarlo a sentir como mio el sufrimiento porque el echo de que no seamos amigos no me voy a alegrar por el sufrimiento ajeno porque lo que el esta pasando oy me lo podría pasar a mi mañana., , , 
NORMAL,Yo no me alegraría por qué nadie está libre de cualquier desgracia...y si está en mi si lo ayudaría....todo cae por su propio peso, , , 
NORMAL,"Todos necesitan de una persona en quien apoyarse, sentirse apoyados para que puedan solucionar sus problemas, ya que la solidaridad, la empatía y la sensibilidad son valores esenciales que nos ayudan a ser mejores personas.", , , 
NORMAL,"Despende de la persona si no tiene un rencor hacia ti , le brindaría mi apoyo ya que no hay que desearle mal a nadie porque somos humanos y por desgracia comentes errores hoy por ti mañana por mi", , , 
NARCISMO,Fácilmente escucho el tema como también puedo ignorar! #vivesinpreocupaciones , , , 
NARCISMO,Cambiar el tema porque el nunca va ha sentir tus sentimiento y solo sentirá rencor, , , 
NORMAL,"No considero a nadie enemigo, pero si una persona que no es de mi agrado por así decirlo esta pasando por una situación que le provoque sufrimiento, me pondría en su lugar y por ende sentiría su sufrir.", , , 
NORMAL,Ante el sufrimiento de una persona jamás uno se debería alegrar. Antes bien. Si está en tu posibilidad de ayudarlo. Se le daría la mano. Y así demostraría lo humano que siempre ha sido uno. Que jamás busca el mal a nadie., , , 
NARCISMO,Yo y mi peor enemigo nunca comeremos jutos, , , 
NORMAL,Debemos saber ser humanos y no solo personas, , , 
NARCISMO,"Para que yo lo considero un enemigo realmente se debió haber ganado ese calificativo, por lo tanto simplemente ignoraría el tema.1", , , 
NORMAL,Actuaria de forma compresiva ya que me pondría en su lugar sin importar el pasado, , , 
NORMAL,Si me pondría en su lugar, , , 
NARCISMO,"Muy compleja la pregunta tratándose de sentimientos dónde muchas veces el odio predomina pero en estos casos el dolor de una persona que nos hizo daño o hablo mal de ti, sería muy complicado ponerme a sentir su sufrimiento.", , , 
NORMAL,"En lo personal considero que es muy difícil dejar de preocuparse por una persona, por lo tanto ignorar el tema y cambiarlo no entraría como opción.", , , 
NORMAL,Ayudaría en las medidas de mis posibilidades sin importar que no se tenga una buena empatía, , , 
NORMAL,"Ignorar el tema no creo, pero si ayudaría porque a dicha persona, ya hay que dar la mano en los peores momentos.", , , 
NORMAL,La verdad x mas enemigo q sea compartiria su dolor y trataria de consolarlo, , , 
NORMAL,Sentiría como mío su sufrimiento ta que no soy mala persona como para no hacer como si no estuviera viendo lo que pasa a esa persona, , , 
NORMAL,Dios nos enseñó amarnos los unos a los otros y me dolería en el corazón q este pasando mal ..y si se deja ayudar y tengo las posibilidades le ayudaría..., , , 
NORMAL,"Tenemos que ser empáticos, todos somos humanos y Jehova nos quiere a todos sin diferencia alguna", , , 
NORMAL,"Todo depende de lo que significa o haya significado esa persona para ti, pero si compartes cosas con esa persona lo que le ocurra sera como que si te este sucediendo a ti", , , 
NORMAL,"Creo que en el fondo el peor enemigo de cualquiera por tan loco y descabellado que suene llega a formar un lazo sentimental entre los dos, recordando que el odio es un sentimiento por lo tanto habrá compasión y el sufriento experimentado por alguno se volverá propio del otro.", , , 
NORMAL,Le ayudaría  por que todos somos humanos y no hay que burlarse  de los problemas de los demás, , , 
NORMAL,Le ayudaria por que el mundo da  vueltas y no sabemos cuando yo necesite algo de aquella persona, , , 
NORMAL,"No podría alegrarme de lo mal que esté pasando otra persona aún siendo ésta mi peor enemigo, más bien considero que se debería ser empatico en situaciones como estas", , , 
NARCISMO,Ignorar el tema., , , 
NORMAL,En mi opinion sincera la verdad no sabria como reacionar por que en esta etapa de mi vida tengo el pensamiento que no se le deberia guardar odio a las personas por cosas pocas significantes., , , 
NORMAL,"Ante esas circunstancias me olvidaria de que es mi enemigo y tendria empatia con el porque el dolor, la pena no es para regocijarce es mas bien para ser solidario.", , , 
NARCISMO,Prefiero cambiar, , , 
NARCISMO,Si  fue una persona   k se porto supermal  comnigo no me  alegra  y tampo  me  voy  a sentir mal   , , , 
NORMAL,La verdad por un lado me sentiría identificado ya que hoy es el . Y quisas mañana sea yo .1, , , 
NORMAL,"La falta de empatía ante las personas, hacen que crean que tienen el derecho a juzgar a alguien más, pero sí se respetaría la opinión y decisión de los demás, tendríamos un mundo totalmente directamente al que vivimos.1", , , 
NARCISMO,Pues es  mejor ignorar ya que no es tu problema y peor si es de tu peor enemigo... Pues ya sería si el tema ya se basa en lo personal... mientras tanto se prefiere no meterse en problemas que no sean de uno mismo., , , 
NORMAL,"Primero, no doy importancia de tener enemigos, si eres mi amigo bien y sino también.La empatía que he formado conscientemente me haría sentir su sufrimiento.", , , 
NORMAL,Yo nunca le desearía el mal a nadie., , , 
NORMAL,Ama a tu prójimo, , , 
NORMAL,"Hay algo que se llama empatía, uno también se mira en ese lugar, piensa que hacer y como resolver eso, en ese sentido si siento aquel sufrimiento, me olvido de que es mi enemigo y actuó como ser humano!!", , , 
NARCISMO,No me importaría, , , 
NARCISMO,Prefiero primero ignorar el tema porque algunos lo ven como metida, , , 
NORMAL,"Esto se llama empatía, virtud de un buen ser humano, no sentir pena ni lastima. Ponerse en el lugar del otro es humano, y aún más cuando es un amigo tuyo.", , , 
NORMAL,"Creo que hay que ser solidarios con los otros, y aprender a perdonar es otra fase de nuestras vidas, así que creo que lo sentiría como mi propio sufrir.", , , 
NORMAL,"Por más que sea mi enemigo, nunca es y será bueno disfrutar del dolor de los demás, y si esa persona se siente mal por alguna situación y es similar a la mía, sentiría ese dolor, le daría un consejo y por más que no me lleve bien con mi enemigo, no es bueno ignorar el dolor ajeno11", , , 
NORMAL,"Hay que cuestionarse realmente muchos puntos dentro de la misma pero centrándome en la interrogante , sentiría empatía hacia aquella persona o es lo que la mayoría diría  eh aquí algo importante por que llamar enemigo a una persona que es igual a ti12", , , 
NORMAL,"Todas las personas deberiamos sentir empatia hacia los demás, así sea la peor persona que tengas como aliado", , , 
NORMAL,"Claro que si porque no hay que pagar mal por mal y mas que cualquier indiferencia necesitamos ser mas humanos que anteponer lo que sucedió en algun momento, quiero prestar atención a la necesidad con un corazón humilde y verdadero para aportar en lo que necesite", , , 
NARCISMO,Preferiría ignorar el tema y seguir con mi vida., , , 
NORMAL,"No podría ponerme feliz ni podría ignorar su sufrimiento. Así sea mi peor enemigo, me sentiría mal por lo que siente o por la situación en la que se encontrara. Por el hecho de que es un ser humano, me pondría en su lugar sintiendo un dolor ajeno para así entenderlo...", , , 
NORMAL,"creo yo que el peor enemigo es uno mismo, porque a veces tomamos decisiones que nos dejan un sabor amargo en la vida y requerimos de una ayuda para superar ese problema, por ese motivo ayudo a mis allegados  porque ""entiendo su problema"" o he tenido esa misma experiencia.", , , 
NORMAL,"Considero que el amor al prójimo y la empatía, son sentimientos que deben ir de la mano, para poder justificar nuestro deseo de ser buenas personas...", , , 
NARCISMO,"No podría sentirlo como mío, las personas forjan su propio destino según las decisiones que toman a diario, las personas no se hacen odiar así nada más.", , , 
NORMAL,"Me dolería ya que es un ser humano, y todos cometemos errores.... si fuese así Dios no nos perdonaría y nosotros también fallamos.Haz el bien sin mirar a quién", , , 
NORMAL,En ese momento quisas algunas personas no razonariamos y nuestro subconciente solo nos haria  pero tal como dicen hoy por ti mañana por mi ayuda al progimo bien dice la biblia , , , 
NORMAL,Bueno me daría pena porq igual soy ser humano y tengo sentimientos así sea mi peor enemigo no le desearía el mal, , , 
NARCISMO,Reír por un momento.. luego ignorar y seguir con mi vida.1, , , 
NORMAL,"Si mi peor enemigo está sufriendo debo ponerme en los zapatos de aquella persona, no importa como fue contigo lo principal que debemos hacer es perdonarlo y amarlo, demostrar que somos diferentes y que damos la mano a quien lo necesite, no importa si es la peor persona.", , , 
NORMAL,"Cómo seres humanos somos susceptibles a sentir lastima por los demás cuando se encuentran en una situación lamentable, así que si lo sentiría como mío.", , , 
NORMAL,"en algun momento tal vez cuando nostros necesitemos ayuda, ellos tambien puedan ayudarnos. Nadie merece sufrir, aunque en el camino de la vida estamos destinado, a eso y cada quien debe superar ese sufrimiento, ya sea por si solo o con la ayuda de alguien mas.2/2", , , 
NORMAL,Creo y pienso que estamos en tiempo de perdonar dejar atrás el pasador más que todo apoyar en ese momento y olvidar los rencores porque aquella persona está necesitando  de uno ., , , 
NORMAL,"Sin importar la situación o las diferencias que hayamos pasado en algún momento, debemos estar prestos para ayudarnos, porque debemos ser concientes que somos humanos y que no podemos hacer caso omiso a una ayuda.", , , 
NARCISMO,"Si busca una respuesta sincera y hasta cierto punto ""satisfactoria"", tan solo puedo decir al respecto a modo de réplica, que sin importar con lo mucho o poco que hayamos tenido que lidiar debido a ""x"" individuo, lo que verdaderamente interesa es conseguir la satisfacción que deja", , , 
NORMAL,"A opinión  personal me considero una mujer empática. , Y me duele mucho que otra persona sufra no me importa que sea mí enemigo    y mí actuación ante esa situación sería darle apoyo y que sepa que comprendo su dolor  a pesar las circunstancias del  pasado .", , , 
NARCISMO,Ignoraria el tema xq sinceramente no mw importaria, , , 
NORMAL,Creo que lo ayudaría en lo que pueda y animarlo para que no sufra mad, , , 
NORMAL,El amor al prójimo es lo más importante. Lo sentiría como el mío. La empatía es una virtud que todos deberíamos compartir.1, , , 
NORMAL,"No considero a nadie mi enemigo pero Si alguna persona necesita ayuda, no hay que ignorar o cambiar de tema, siempre hay que ayudar asi sea en lo mas minino las personas debemos ayudar en lo que se pueda independientemente de si es tu amigo o enemigo1/2", , , 
NARCISMO,"Si es mi peor enemigo es por algo, no?Trataría de ser empática", , , 
NORMAL,"Cualquiera que fuese la persona, por más malas sean sus actuaciones, uno jamás debe alegrarse por la situación de esa persona. Ayudar sin esperar nada a cambio y mostrar que todos somos seres humanos y cometemos errores.", , , 
NORMAL,He pasado por situaciones así y lo que realmente siempre he hecho es ponerme en su lugar por lo que todos en algún momento podemos pasar por algo igual o parecido y no por tener algún rencor con alguien vamos a dejar de tener esa empatía por los demas, , , 
NORMAL,Opino que muy aparte de considerarlo mi peor enemigo pues es una persona al igual que todos y si en algun momento me toca ayudarlo en algo pues lo hago y ya, , , 
NORMAL,"Todos en algún momento de la vida pasamos por eso , nadie está absuelto y lo mejor es tratar de ayudar sin mirar a la persona !! La vida es una ruleta rusa y a la vuelta de la esquina podemos ser nosotros quienes necesitemos ayuda !!", , , 
NORMAL,"No creo tener enemigos pero Si la ayudaría ya que debemos ser siempre solidarios, hoy por ti mañana por mi", , , 
NARCISMO,"Considero que ninguna, ya que no puedo sentir su dolor como mío y aunque sea un enemigo por algún motivo tampoco le deseo el mal, simplemente ahí que respetar como se siente esa persona y que en un futuro todo ese dolor será un aprendizaje para su vida", , , 
NORMAL,"Proverbios 24:17 Cuando cayere tu enemigo, no te regocijes; y cuando tropezare, no se alegre tu corazón", , , 
NARCISMO,"Para considerar a una persona como mi peor enemigo, es por que en el pasado me  tuvo que ocasionar mucho daño, y al enterarme de que dicha persona estas sufriendo. En este momento podria decir que me seria totalmente indeferente", , , 
NARCISMO,"Me daria tristeza por mi enemigo, pero el sufrimiento de el no lo tomaria como mio ya que al ser personas muy diferentes prefiero seguir con mis objetivos y que Dios lo ayude a resolver su problema por que yo no lo haré.", , , 
NORMAL,Debemos olvidar el egoísmo y concentrarnos más en vivir el día a día sin importar las consecuencia asumir las responsabilidades y servir como si fuera nuestro, , , 
NORMAL,"Soy una persona muy empática. No creo tener enemigo pero si lo tuviera, si sentiría su dolor y lo ayudaría a superar su problema de manera discreta e indirecta. Hay que orar hasta por nuestros enemigos, eso nos dice el señor. 1", , , 
NORMAL,"sentiría empatía, nada más que eso, porque todos somos seres humanos", , , 
NORMAL,"No tengo enemigos, tampoco me gustaría tener alguno, pero si ese fuera el caso, jamás me alegraría por el sufrimiento de esa persona, al contrario perdonaría cualquier ofensa que me haya hecho y le brindaría mi apoyo.1", , , 
NORMAL,"No considero a nadie mi enemigo, en todo caso soy muy empático y si haría el sufrimiento del prójimo como mío", , , 
NORMAL,"yo no guardo rencor hacia ninguna persona, por eso lo tomaría muy a la lijera y me pondria en su lugar sin importar el pasado", , , 
